0.00144179,0.00106161,0.00195799,-0.000634357,0.000481389,-0.00150519,-0.00165088,-8.85184e-06,0.000519459,0.000236599,-0.00136176,-0.000511602,0.000784146,0.001167,-0.00038011,-0.000204738,-6.11837e-05,-0.00154209,-0.00102879,3.50852e-05,-0.00137107,-0.00101664,0.000820863,0.000290969,5.86432e-05,0.000545071,-0.000576204,-0.00094434,-0.000722768,-3.12471e-06,0.000256175,0.000511392,0.000497917,-0.000445871,-6.3634e-05,0.00108532,0.00140429,0.000355979,0.000257976,0.000890477,-8.80694e-05,-0.000640145,-0.000269935,0.000107432,-0.00067387,-9.2423e-05,-0.000243374,-0.000147935,0.000193945,-6.56394e-05,8.52563e-21,8.82031e-06,0.00012607,-0.000354403,0.000190319,0.000109687,0.000136501,-0.000250028,0.000224254,-0.000595326,4.84896e-05,2.53544e-05,-0.00041452,-0.000810755,0.000468992,-0.000767468,-0.00064266,0.000300054,-0.000462955,-0.000318153,-0.000600637,-4.85365e-05,0.00186967,-0.00081661,-0.00128955,9.68221e-06,0.000108381,-0.000780198,0.000356128,0.000988954,0.00044838,0.00128465,-0.000456896,0.00109516,-0.000874535,-0.000832112,0.00136746,-0.000628868,-0.000278444,-0.00165414,0.000396195,0.000917255,0.000287048,0.000931903,-0.00123845,0.000417313,0.00175263,0.0009198,-0.000566304,-0.00101231,4.27721e-05
0.00119186,0.00407963,0.00436555,0.00683171,0.00997448,0.0137579,0.0175499,0.0191508,0.024506,0.0256454,0.0285473,0.0330089,0.0353115,0.03888,0.0414915,0.0447647,0.0482091,0.051431,0.0545667,0.0563952,0.0608094,0.0637958,0.0681234,0.0696664,0.0735789,0.0772094,0.0801363,0.0844229,0.0878956,0.0895667,0.0916355,0.0966038,0.10013,0.100977,0.104185,0.10535,0.109115,0.11124,0.11276,0.116918,0.118335,0.120005,0.121283,0.122615,0.124015,0.125508,0.126891,0.127119,0.127534,0.127758,0.128073,0.128138,0.127845,0.127038,0.126224,0.125549,0.124048,0.122401,0.121733,0.120652,0.117172,0.115541,0.115114,0.112337,0.109414,0.107288,0.105075,0.100299,0.0967596,0.0957747,0.0921807,0.0901844,0.0862676,0.0838483,0.0815431,0.0772828,0.0746456,0.0702234,0.0670846,0.0643411,0.061289,0.0564591,0.0526607,0.0505748,0.048067,0.046907,0.0405607,0.0375818,0.0356604,0.0311754,0.0286355,0.0261123,0.0229247,0.0202664,0.0176981,0.0134929,0.0114579,0.008161,0.0055791,0.00360057,0.000690025
-8.86238e-05,0.00700681,0.0111142,0.0157798,0.0235075,0.0271905,0.0337581,0.0407519,0.0459363,0.0519604,0.0579118,0.0655563,0.0705372,0.0773917,0.0817354,0.0891252,0.0955103,0.103548,0.108381,0.115357,0.121994,0.128082,0.135518,0.140764,0.147573,0.153358,0.160191,0.167578,0.173277,0.18005,0.184615,0.190306,0.197448,0.202474,0.208025,0.214661,0.218164,0.22386,0.228902,0.231124,0.235207,0.239969,0.242399,0.245751,0.248899,0.250281,0.252046,0.253641,0.254607,0.255368,0.25572,0.255325,0.254852,0.253491,0.25241,0.250359,0.248475,0.245852,0.242624,0.239513,0.23507,0.232162,0.227663,0.223873,0.219124,0.213784,0.20808,0.20188,0.197354,0.191257,0.184682,0.178982,0.172289,0.165596,0.160474,0.153692,0.14643,0.140405,0.133833,0.127383,0.120664,0.113904,0.107,0.0992895,0.0941748,0.0884662,0.0831896,0.0749336,0.0700351,0.0650304,0.0581082,0.0513721,0.0459065,0.0407311,0.0327666,0.0295936,0.0229621,0.0183595,0.011829,0.00643397,-0.000175167
0.000750299,0.00863175,0.019234,0.0254827,0.0347378,0.0441974,0.0499595,0.0602391,0.0680015,0.0790161,0.086033,0.0957665,0.1059,0.114937,0.123537,0.133571,0.142837,0.153171,0.162349,0.171349,0.182395,0.193507,0.201272,0.21035,0.221053,0.229787,0.239701,0.248699,0.258017,0.268797,0.277476,0.28729,0.294556,0.303113,0.312994,0.319046,0.328411,0.334677,0.341552,0.34786,0.352396,0.358135,0.36321,0.36818,0.372339,0.373832,0.377564,0.379897,0.38122,0.382335,0.382204,0.382187,0.38161,0.3792,0.376835,0.374055,0.371484,0.367746,0.363022,0.358801,0.35225,0.346642,0.339395,0.334011,0.326721,0.319592,0.311558,0.30364,0.294836,0.286251,0.2756,0.267693,0.259311,0.248211,0.23988,0.230599,0.220841,0.211344,0.200681,0.191537,0.181587,0.172128,0.163915,0.151684,0.142212,0.133808,0.1249,0.115599,0.104548,0.0970649,0.087219,0.0776913,0.0706338,0.0602358,0.051305,0.0426961,0.0348657,0.0270608,0.0179131,0.00693752,-0.000672428
-0.00124211,0.0122528,0.0229455,0.0340563,0.0474262,0.0587357,0.0706413,0.0807811,0.0921812,0.104936,0.115251,0.128413,0.143126,0.153591,0.166209,0.178127,0.190752,0.204717,0.216822,0.229545,0.241753,0.256775,0.267625,0.281142,0.294004,0.307148,0.320175,0.332554,0.345462,0.355249,0.368728,0.380185,0.392964,0.403215,0.415098,0.424076,0.434705,0.444626,0.452941,0.462452,0.468756,0.476645,0.482415,0.488529,0.49331,0.498503,0.501108,0.504377,0.506442,0.50643,0.507951,0.507407,0.505814,0.5036,0.501805,0.497981,0.493735,0.488915,0.482716,0.474969,0.469376,0.461323,0.453089,0.444523,0.434885,0.425028,0.413981,0.403358,0.391697,0.381052,0.36844,0.358037,0.344458,0.331835,0.320681,0.30681,0.293782,0.280502,0.268706,0.254565,0.241333,0.229844,0.216511,0.20432,0.191148,0.177037,0.165459,0.154365,0.140869,0.128593,0.115949,0.10489,0.0936188,0.0811345,0.0689547,0.0595252,0.0470301,0.0347339,0.0227677,0.0109697,-0.000995354
0.00180609,0.0150359,0.0274733,0.0435513,0.058705,0.0717861,0.087461,0.0998182,0.115021,0.130857,0.144416,0.160552,0.177022,0.191127,0.208776,0.221735,0.238966,0.254207,0.270646,0.285273,0.301941,0.318512,0.334718,0.349801,0.366882,0.384189,0.398121,0.415044,0.428637,0.443364,0.460971,0.473964,0.488731,0.503066,0.516488,0.527958,0.540883,0.551831,0.563175,0.573253,0.58249,0.591825,0.601287,0.607637,0.614697,0.618403,0.622747,0.626587,0.629295,0.630783,0.631186,0.630969,0.628738,0.627384,0.622649,0.618903,0.613076,0.60701,0.600339,0.592865,0.583079,0.57319,0.56343,0.552078,0.54053,0.528906,0.515505,0.50165,0.490199,0.475791,0.458754,0.444445,0.429399,0.415758,0.397883,0.384195,0.36553,0.349891,0.336321,0.317702,0.301704,0.285037,0.270103,0.254835,0.238207,0.222905,0.207406,0.190761,0.17697,0.16027,0.146988,0.132005,0.114831,0.10031,0.0873074,0.0732455,0.0581387,0.0415513,0.0281983,0.0140211,3.12413e-05
0.00118692,0.0159641,0.0337294,0.0524315,0.0684837,0.0858213,0.104703,0.123233,0.139515,0.157739,0.176302,0.192058,0.210706,0.229599,0.250964,0.267129,0.288646,0.304874,0.324968,0.341765,0.361833,0.382389,0.400198,0.419809,0.439289,0.458743,0.478873,0.495987,0.514713,0.533416,0.550774,0.566661,0.58375,0.60027,0.616933,0.631552,0.646578,0.660341,0.671875,0.685089,0.697947,0.706398,0.717673,0.725007,0.731796,0.738192,0.743869,0.747475,0.75034,0.752571,0.752577,0.751016,0.749968,0.747135,0.743833,0.738077,0.732464,0.724468,0.71734,0.707059,0.696604,0.685169,0.6706,0.660062,0.645919,0.631926,0.615915,0.599868,0.584689,0.568505,0.549653,0.531885,0.513145,0.496659,0.47677,0.458831,0.437083,0.419649,0.401041,0.382802,0.361082,0.34404,0.324085,0.306039,0.287112,0.268336,0.248634,0.231189,0.211613,0.193504,0.176414,0.157595,0.140486,0.122158,0.104245,0.0849143,0.070501,0.0538046,0.0348642,0.0171108,-0.000104116
0.00204812,0.0200768,0.0411696,0.0604917,0.0805656,0.100266,0.123197,0.143403,0.163256,0.185502,0.204805,0.225613,0.248692,0.268308,0.291193,0.313394,0.335136,0.357851,0.376083,0.400112,0.423773,0.445077,0.466834,0.489779,0.511227,0.533451,0.556358,0.576306,0.598122,0.618759,0.63865,0.660912,0.678406,0.696068,0.715051,0.732635,0.750931,0.765808,0.780454,0.794523,0.807478,0.819432,0.829889,0.839408,0.848946,0.857015,0.861699,0.866692,0.869645,0.871558,0.872126,0.870579,0.869834,0.865422,0.860987,0.855051,0.848947,0.840521,0.83065,0.818472,0.805821,0.794616,0.78013,0.766464,0.750058,0.73313,0.715708,0.697268,0.678865,0.659981,0.639014,0.618605,0.597559,0.576733,0.555169,0.533861,0.510649,0.49024,0.466675,0.444447,0.423142,0.401265,0.378187,0.356372,0.333715,0.312097,0.291139,0.269136,0.247296,0.226136,0.205381,0.182511,0.1623,0.142753,0.120748,0.101804,0.0782349,0.0617503,0.0400001,0.0202308,0.000684085
0.000697752,0.0230867,0.0465409,0.0701956,0.0936536,0.115367,0.13996,0.163118,0.187706,0.211597,0.233294,0.260003,0.28422,0.309087,0.33189,0.356651,0.381789,0.406666,0.434049,0.456803,0.482801,0.508668,0.532905,0.557827,0.583495,0.607297,0.632442,0.65672,0.680863,0.702942,0.727757,0.74882,0.772164,0.792552,0.81299,0.833531,0.851281,0.869649,0.886172,0.900716,0.915702,0.930482,0.941405,0.951865,0.960395,0.969903,0.977053,0.984001,0.98589,0.987152,0.987919,0.988188,0.985427,0.98245,0.976196,0.970502,0.961478,0.952397,0.940411,0.930609,0.916139,0.900976,0.885828,0.86942,0.851596,0.832938,0.813342,0.792798,0.770658,0.749111,0.727266,0.70474,0.680396,0.655129,0.63258,0.608149,0.583248,0.557762,0.531258,0.506577,0.483892,0.456995,0.431402,0.405961,0.381082,0.356544,0.330802,0.307308,0.284297,0.257283,0.234911,0.210366,0.188558,0.164275,0.137265,0.117845,0.0935937,0.069052,0.0464351,0.0222768,0.000274565
0.000290585,0.0265403,0.052126,0.0787919,0.104796,0.129908,0.156976,0.18546,0.211392,0.237056,0.264664,0.291809,0.318654,0.347753,0.374343,0.402174,0.429812,0.457818,0.486905,0.513362,0.540834,0.569909,0.597732,0.627181,0.653716,0.682123,0.709262,0.735321,0.762457,0.788624,0.8119,0.839351,0.863617,0.885403,0.908568,0.930312,0.951098,0.969846,0.988725,1.00544,1.02214,1.03532,1.04978,1.0614,1.07281,1.08204,1.09043,1.09364,1.09973,1.10061,1.10305,1.10024,1.09821,1.09589,1.08698,1.08073,1.07242,1.0628,1.04983,1.03704,1.02114,1.00709,0.989191,0.97064,0.950665,0.929884,0.908901,0.885033,0.863108,0.838664,0.813954,0.788547,0.762243,0.736016,0.709797,0.681017,0.654235,0.626991,0.596747,0.571293,0.542329,0.515068,0.487083,0.456504,0.429772,0.401876,0.37487,0.3463,0.320129,0.292194,0.264425,0.238715,0.210936,0.18422,0.156356,0.131965,0.104509,0.0797582,0.0506905,0.0262717,-0.00124066
-0.000824641,0.0294495,0.057911,0.0868116,0.115536,0.14667,0.175334,0.206928,0.234648,0.263065,0.295847,0.325318,0.355385,0.383698,0.417136,0.448047,0.477117,0.506658,0.538612,0.570702,0.6016,0.632991,0.663872,0.693696,0.723625,0.754503,0.784128,0.814144,0.841491,0.871779,0.9006,0.926236,0.951885,0.977494,1.00325,1.02557,1.04937,1.06978,1.08914,1.10763,1.12554,1.14016,1.15502,1.17096,1.18136,1.18882,1.1968,1.20492,1.20759,1.20992,1.21042,1.21129,1.20751,1.20431,1.19784,1.18881,1.18068,1.16957,1.15395,1.14186,1.12531,1.10772,1.08834,1.06941,1.04899,1.02521,1.00161,0.978352,0.952827,0.926521,0.899331,0.87085,0.842542,0.814907,0.78456,0.753499,0.7248,0.694214,0.662915,0.633106,0.60115,0.56956,0.539203,0.5083,0.477387,0.446159,0.417061,0.385819,0.353919,0.323762,0.295059,0.265638,0.234482,0.20681,0.174562,0.146883,0.116674,0.0876182,0.0583145,0.0276396,0.000296898
0.000264817,0.0323466,0.0639376,0.0966403,0.129219,0.162503,0.196414,0.226336,0.259627,0.292048,0.326361,0.35753,0.391315,0.423373,0.460057,0.491295,0.524526,0.557932,0.593068,0.624827,0.660243,0.694723,0.728814,0.760587,0.792842,0.825222,0.859671,0.890409,0.920614,0.953412,0.98187,1.01093,1.0416,1.06822,1.09528,1.1184,1.14288,1.16739,1.18802,1.20761,1.22488,1.24257,1.25852,1.27276,1.28358,1.29389,1.30317,1.30753,1.31376,1.31682,1.31697,1.3173,1.313,1.30945,1.30168,1.29362,1.2837,1.27328,1.25845,1.24164,1.22675,1.20932,1.1886,1.16505,1.14358,1.1185,1.09314,1.06587,1.04009,1.01219,0.982956,0.95313,0.921807,0.891742,0.860693,0.825444,0.793004,0.761241,0.72654,0.694572,0.661407,0.6273,0.593175,0.559163,0.523892,0.491308,0.456703,0.424272,0.391176,0.358036,0.32453,0.292916,0.258057,0.224707,0.193966,0.159677,0.129718,0.0969371,0.0657578,0.0315403,0.00044973
0.000962499,0.0363079,0.0703286,0.104973,0.139238,0.176399,0.214118,0.248144,0.28336,0.319738,0.353956,0.38966,0.426043,0.464658,0.50195,0.538577,0.572141,0.609865,0.646606,0.6824,0.71967,0.75477,0.791463,0.827724,0.863217,0.899311,0.932072,0.966971,0.999689,1.03211,1.06529,1.09586,1.12563,1.15596,1.18355,1.2098,1.23633,1.25975,1.28221,1.30388,1.32368,1.34055,1.35613,1.37249,1.38435,1.39474,1.40443,1.40983,1.41802,1.41953,1.42082,1.41836,1.41382,1.41104,1.40435,1.3938,1.38501,1.37257,1.35843,1.34258,1.32349,1.30386,1.28243,1.25831,1.23447,1.21022,1.18322,1.15507,1.12726,1.0953,1.06545,1.03217,1.00049,0.96669,0.93205,0.898303,0.863022,0.827131,0.791824,0.755014,0.718925,0.683943,0.645543,0.609592,0.574102,0.53589,0.500603,0.463741,0.428244,0.391877,0.356111,0.316674,0.283353,0.24742,0.211073,0.178209,0.140594,0.105267,0.0702577,0.0331395,-0.000401409
-0.00101862,0.0367315,0.0767598,0.114902,0.154388,0.192081,0.231616,0.268586,0.307541,0.345421,0.38552,0.424937,0.461808,0.501587,0.544574,0.581365,0.621293,0.660803,0.699116,0.738263,0.778045,0.817364,0.855776,0.892173,0.930674,0.969385,1.00453,1.04108,1.07638,1.1116,1.14521,1.178,1.2098,1.24133,1.26961,1.29763,1.32433,1.35057,1.3738,1.3977,1.41763,1.43675,1.45151,1.46744,1.48063,1.49284,1.50285,1.50957,1.51478,1.51843,1.5178,1.51738,1.51425,1.50928,1.50156,1.4918,1.4816,1.46908,1.45183,1.43736,1.41901,1.39617,1.37387,1.3508,1.32505,1.29841,1.26956,1.24004,1.21036,1.17801,1.1443,1.11085,1.07709,1.04144,1.00553,0.967049,0.930258,0.893315,0.85464,0.816166,0.778046,0.737536,0.699883,0.660151,0.620797,0.58123,0.541491,0.503635,0.464796,0.426251,0.38506,0.346504,0.309782,0.268812,0.229546,0.191774,0.15376,0.116185,0.0782937,0.0384478,-0.000407582
0.000514928,0.040811,0.0825817,0.125339,0.166693,0.207633,0.249564,0.289374,0.333218,0.374336,0.417339,0.4569,0.499414,0.542562,0.585383,0.624993,0.668491,0.711274,0.750975,0.793434,0.83598,0.875438,0.91711,0.957595,0.997346,1.03731,1.0771,1.11386,1.15105,1.1874,1.22212,1.25745,1.29135,1.32312,1.35371,1.38206,1.41147,1.4373,1.46362,1.48404,1.50694,1.52778,1.54601,1.56184,1.57272,1.5853,1.59549,1.60154,1.60812,1.61118,1.61171,1.61268,1.60917,1.6036,1.59446,1.58445,1.57285,1.56007,1.54544,1.5283,1.50822,1.48715,1.46301,1.43858,1.41094,1.384,1.35201,1.32269,1.29024,1.2585,1.22319,1.18674,1.15234,1.1131,1.07719,1.03775,0.997082,0.956183,0.917659,0.876966,0.834514,0.79442,0.752607,0.710023,0.667989,0.627004,0.58479,0.541986,0.498653,0.457689,0.415415,0.374723,0.332057,0.290537,0.249076,0.20666,0.166075,0.124262,0.0831085,0.0412341,-0.000413826
0.000414675,0.0437101,0.0886976,0.134496,0.17825,0.222581,0.268548,0.310981,0.357125,0.403165,0.447282,0.492027,0.537467,0.580839,0.626942,0.669094,0.714603,0.762097,0.803898,0.849319,0.891876,0.934591,0.978101,1.02165,1.06386,1.10284,1.14477,1.18534,1.22616,1.26263,1.30027,1.33574,1.36993,1.40277,1.43567,1.46531,1.49591,1.52251,1.54949,1.57205,1.59436,1.6137,1.63048,1.64912,1.66207,1.67413,1.68319,1.6931,1.69865,1.70073,1.7027,1.69927,1.70058,1.69303,1.68406,1.67439,1.66293,1.6476,1.633,1.61252,1.59345,1.57387,1.54753,1.52152,1.49499,1.46461,1.43507,1.40462,1.37005,1.33574,1.30009,1.26219,1.22381,1.18635,1.14534,1.10458,1.06277,1.02136,0.979213,0.934982,0.891986,0.848274,0.804385,0.760349,0.715956,0.67043,0.626893,0.581044,0.536247,0.491679,0.447863,0.401639,0.3571,0.311385,0.265569,0.222286,0.178805,0.133197,0.0890897,0.04321,-0.000367682
-0.00140115,0.0476276,0.0953361,0.143788,0.191007,0.239881,0.285994,0.333548,0.381111,0.429654,0.478235,0.526218,0.573235,0.620879,0.6681,0.714677,0.762242,0.810843,0.857022,0.902433,0.950226,0.995641,1.03961,1.08428,1.12861,1.17146,1.21455,1.25422,1.29521,1.33486,1.37407,1.41121,1.44681,1.48063,1.51409,1.54557,1.57524,1.60408,1.62705,1.65427,1.67639,1.69588,1.7157,1.73269,1.74596,1.75827,1.76909,1.77758,1.78335,1.78783,1.7877,1.78544,1.78264,1.77666,1.7711,1.75992,1.74606,1.73091,1.71757,1.69757,1.67808,1.65502,1.62969,1.60472,1.57683,1.54613,1.51202,1.48136,1.44806,1.41077,1.37439,1.33478,1.29671,1.25494,1.21457,1.17115,1.12775,1.0839,1.0401,0.995311,0.948294,0.902801,0.857232,0.810245,0.763754,0.716511,0.667293,0.620884,0.571999,0.525124,0.478578,0.431295,0.381216,0.33319,0.286703,0.237905,0.190507,0.144092,0.0960386,0.0483067,0.00135178
-0.000288155,0.0512011,0.101844,0.152722,0.204055,0.254463,0.306406,0.356071,0.407873,0.457423,0.507714,0.561235,0.610722,0.661023,0.709199,0.75936,0.808825,0.860688,0.907636,0.957473,1.00446,1.05309,1.09952,1.14602,1.19303,1.23856,1.27921,1.32406,1.36399,1.4072,1.44722,1.48481,1.521,1.55759,1.5894,1.62174,1.65189,1.6818,1.7072,1.73272,1.75658,1.77872,1.79528,1.81089,1.82658,1.84034,1.84832,1.86046,1.8628,1.86681,1.86974,1.86696,1.86296,1.85833,1.8494,1.83855,1.8279,1.81387,1.79569,1.776,1.75696,1.73201,1.70573,1.68175,1.65317,1.62079,1.58938,1.55448,1.52153,1.48421,1.44643,1.40794,1.36563,1.32284,1.28217,1.23674,1.1914,1.14554,1.10039,1.05422,1.00457,0.956478,0.907957,0.858565,0.809159,0.761085,0.711895,0.659987,0.610189,0.558427,0.510329,0.457919,0.408371,0.357416,0.304241,0.254462,0.202766,0.153653,0.10141,0.0503882,-0.00037724
-0.00149537,0.0541286,0.109243,0.163685,0.216786,0.270726,0.324874,0.380526,0.431505,0.48495,0.538657,0.593167,0.646609,0.69927,0.752319,0.80466,0.855251,0.908587,0.961502,1.00958,1.06197,1.11107,1.15966,1.20685,1.25548,1.30225,1.34658,1.39179,1.43404,1.47564,1.51568,1.55475,1.59153,1.62877,1.66454,1.69599,1.72574,1.7557,1.78272,1.80724,1.83198,1.8522,1.87105,1.88845,1.90371,1.9164,1.92788,1.93474,1.93862,1.94415,1.94416,1.94354,1.93827,1.93507,1.92666,1.9176,1.90239,1.89103,1.87166,1.85199,1.83081,1.8081,1.78239,1.75513,1.72789,1.69337,1.6633,1.62855,1.59166,1.55532,1.51466,1.47531,1.43395,1.39249,1.34548,1.30003,1.25456,1.20551,1.1596,1.11063,1.05975,1.01176,0.95864,0.908557,0.857213,0.804037,0.753235,0.698988,0.645423,0.593861,0.537956,0.485201,0.434463,0.377537,0.323519,0.269259,0.217026,0.160258,0.108806,0.0527358,0.00165339
-0.000259964,0.0580776,0.114833,0.173593,0.228466,0.286823,0.343719,0.400105,0.457183,0.514035,0.570523,0.626711,0.68287,0.739168,0.794634,0.849525,0.901959,0.958296,1.01233,1.06152,1.11722,1.16648,1.2171,1.26853,1.31509,1.36194,1.409,1.45419,1.49945,1.54098,1.58327,1.62517,1.66121,1.6986,1.73318,1.7655,1.79847,1.82815,1.85392,1.87988,1.9039,1.92484,1.94273,1.96198,1.97622,1.98802,1.99765,2.0079,2.01386,2.0171,2.0177,2.01698,2.00962,2.00769,1.99882,1.98659,1.97483,1.96125,1.94335,1.92491,1.90219,1.88161,1.85393,1.82626,1.79778,1.76559,1.73314,1.69782,1.66279,1.62427,1.58279,1.54144,1.49964,1.45535,1.41067,1.36296,1.31582,1.26529,1.2172,1.16594,1.11577,1.06273,1.01038,0.957426,0.902379,0.848591,0.79319,0.736792,0.682981,0.62813,0.570274,0.513362,0.457469,0.399345,0.34379,0.285294,0.229948,0.173524,0.115981,0.0562789,0.00150172
-0.000694759,0.0595122,0.121543,0.180268,0.24174,0.302941,0.36316,0.421639,0.482586,0.542464,0.602699,0.661471,0.720211,0.777261,0.833711,0.894361,0.949262,1.00409,1.06128,1.11557,1.1707,1.22251,1.27404,1.326,1.37578,1.42438,1.46997,1.51821,1.56115,1.6055,1.64906,1.68925,1.72689,1.76545,1.79804,1.8349,1.86515,1.89624,1.92274,1.94719,1.97173,1.99369,2.01152,2.02694,2.04287,2.05451,2.06585,2.07186,2.08014,2.08389,2.08484,2.08537,2.08021,2.07333,2.06547,2.05638,2.04319,2.029,2.01202,1.99375,1.97186,1.94763,1.92293,1.89325,1.86445,1.8313,1.79873,1.76446,1.72738,1.68872,1.64832,1.60746,1.56294,1.51796,1.47201,1.42416,1.37569,1.32449,1.27474,1.22314,1.17022,1.11611,1.06009,1.006,0.95096,0.892886,0.83523,0.777658,0.71934,0.661229,0.602156,0.540627,0.482704,0.423978,0.362015,0.301764,0.242334,0.180523,0.121759,0.0620136,0.000439569
0.000954726,0.0629506,0.127449,0.191083,0.255642,0.319296,0.381101,0.446382,0.507918,0.569587,0.633363,0.693206,0.755437,0.816677,0.876363,0.934841,0.994824,1.05432,1.11031,1.16723,1.22251,1.27739,1.33088,1.38308,1.4336,1.48299,1.53239,1.57998,1.62231,1.66754,1.70976,1.75162,1.79194,1.82711,1.86362,1.89656,1.92756,1.9576,1.98571,2.01197,2.03533,2.05608,2.07471,2.09163,2.10544,2.12024,2.13018,2.1381,2.14277,2.14717,2.14797,2.14598,2.14309,2.13949,2.12831,2.11963,2.10789,2.09262,2.07703,2.05538,2.03329,2.01031,1.98511,1.95816,1.92825,1.89732,1.86504,1.82851,1.79069,1.75177,1.71059,1.66889,1.62556,1.5798,1.53355,1.48343,1.43271,1.38272,1.33,1.27735,1.22214,1.16624,1.11024,1.05239,0.995858,0.938042,0.876332,0.817109,0.756585,0.694611,0.631144,0.570764,0.50862,0.444962,0.382539,0.318194,0.256271,0.191854,0.127108,0.0638376,0.000783284
-0.000123381,0.0669877,0.134515,0.200392,0.269765,0.334407,0.400797,0.468389,0.533742,0.600446,0.66397,0.726522,0.79178,0.854394,0.917741,0.978674,1.03802,1.10024,1.15824,1.21863,1.27291,1.33063,1.38491,1.4398,1.48933,1.53997,1.59105,1.63978,1.68429,1.72757,1.77253,1.81333,1.85218,1.88931,1.92273,1.95799,1.99002,2.01915,2.04687,2.07303,2.09513,2.11752,2.1361,2.15125,2.16675,2.18066,2.18946,2.19921,2.20205,2.20629,2.20802,2.20601,2.20199,2.19845,2.18891,2.17864,2.16649,2.15188,2.13534,2.11522,2.09406,2.07265,2.04612,2.02163,1.99047,1.95921,1.92488,1.88826,1.85148,1.81124,1.77156,1.72912,1.68509,1.63767,1.59134,1.5411,1.49098,1.43831,1.38492,1.33126,1.27341,1.21736,1.15817,1.10033,1.04088,0.978737,0.917952,0.853452,0.792074,0.72686,0.66467,0.598955,0.530418,0.466086,0.401875,0.335595,0.266733,0.200763,0.134414,0.067181,-0.000323339
-0.000362223,0.0681542,0.141265,0.211408,0.281092,0.34992,0.418202,0.490714,0.558583,0.624411,0.69342,0.761192,0.828429,0.892926,0.956701,1.02182,1.08488,1.14659,1.20767,1.26824,1.32509,1.38289,1.43875,1.49442,1.54581,1.59768,1.64649,1.69467,1.74074,1.78688,1.82869,1.87094,1.90915,1.94802,1.98261,2.01586,2.04757,2.07792,2.10383,2.1288,2.15318,2.17283,2.19015,2.2085,2.22343,2.23385,2.2439,2.25448,2.2577,2.26178,2.26051,2.26011,2.25918,2.25158,2.24126,2.2347,2.22248,2.20615,2.19078,2.17328,2.15118,2.12824,2.10292,2.07688,2.0477,2.01575,1.98073,1.94753,1.90926,1.87046,1.82901,1.785,1.74363,1.69511,1.6476,1.59758,1.54686,1.49302,1.43797,1.38315,1.32537,1.26696,1.20751,1.14637,1.08384,1.02241,0.957453,0.891844,0.826359,0.759788,0.693669,0.625576,0.557779,0.487067,0.419334,0.350821,0.281119,0.212041,0.139139,0.0712347,-0.000261213
-5.75781e-05,0.0725222,0.147034,0.220385,0.292356,0.365865,0.439888,0.510141,0.583347,0.653837,0.723155,0.794622,0.863961,0.93014,0.996429,1.06372,1.13039,1.19156,1.25433,1.31585,1.37527,1.43331,1.49041,1.54506,1.6006,1.6509,1.70112,1.74928,1.79836,1.84225,1.88384,1.92606,1.96562,2.00261,2.0387,2.07082,2.10167,2.13006,2.15665,2.18184,2.20602,2.22522,2.24293,2.25974,2.2738,2.28354,2.29647,2.30416,2.30825,2.3122,2.31205,2.3104,2.31001,2.30146,2.29632,2.28771,2.27337,2.262,2.2412,2.226,2.20312,2.18206,2.15631,2.13033,2.1022,2.0699,2.036,2.00525,1.96557,1.92616,1.88396,1.84212,1.79658,1.75019,1.70164,1.65281,1.59954,1.54607,1.49009,1.43468,1.376,1.316,1.2535,1.19209,1.12869,1.06321,0.998028,0.930569,0.862095,0.793363,0.724617,0.653473,0.583643,0.511699,0.438469,0.366958,0.294784,0.221539,0.148358,0.0721104,-1.37341e-05
0.000519401,0.0784366,0.152838,0.230222,0.307291,0.383442,0.457335,0.532942,0.606884,0.682693,0.755027,0.828379,0.897842,0.967896,1.03651,1.10507,1.17197,1.23565,1.29969,1.36363,1.42539,1.48373,1.54071,1.59651,1.65071,1.70502,1.75532,1.80313,1.8498,1.89608,1.93707,1.97726,2.01741,2.05448,2.09023,2.12213,2.15356,2.1798,2.20764,2.23184,2.25441,2.27356,2.29181,2.30861,2.32252,2.33275,2.34268,2.35026,2.3552,2.35901,2.35945,2.35795,2.35564,2.34945,2.34112,2.33558,2.31865,2.3068,2.29235,2.27472,2.25284,2.234,2.20861,2.18261,2.15245,2.12344,2.09049,2.05506,2.01623,1.98004,1.938,1.89469,1.85041,1.80105,1.75399,1.7044,1.65089,1.59859,1.54182,1.48474,1.42547,1.36271,1.30025,1.23788,1.17378,1.10655,1.03825,0.967877,0.897309,0.827491,0.754989,0.67952,0.60777,0.533855,0.457616,0.381995,0.306225,0.231788,0.154258,0.0769082,-0.000386904
0.000499988,0.0798715,0.161591,0.240828,0.319608,0.397936,0.477529,0.556016,0.63258,0.707832,0.784117,0.858908,0.932578,1.00545,1.07632,1.14638,1.21432,1.27953,1.34764,1.40818,1.47151,1.53162,1.58967,1.64637,1.7018,1.75429,1.80787,1.85518,1.9012,1.94628,1.98777,2.03014,2.06713,2.1042,2.13749,2.17082,2.19822,2.22876,2.25428,2.27997,2.29982,2.31927,2.33928,2.35372,2.36656,2.37766,2.38824,2.39287,2.39772,2.40109,2.40257,2.40358,2.39827,2.39441,2.38829,2.37607,2.36349,2.35404,2.33783,2.32013,2.30099,2.27977,2.25627,2.22821,2.20201,2.17129,2.1381,2.10549,2.06832,2.02948,1.98811,1.94472,1.8996,1.85586,1.80553,1.75717,1.70199,1.6464,1.58931,1.53284,1.47148,1.40943,1.34699,1.28142,1.2139,1.14473,1.07719,1.00607,0.931418,0.859448,0.785438,0.708924,0.632091,0.554627,0.476279,0.398784,0.318718,0.240023,0.159239,0.0794658,-0.000276973
-0.000168186,0.0826824,0.16792,0.249607,0.332884,0.414721,0.49597,0.577972,0.656885,0.737404,0.813887,0.889172,0.966704,1.0404,1.11325,1.18479,1.25621,1.32296,1.39066,1.45452,1.51923,1.57939,1.63864,1.69633,1.75072,1.80633,1.85387,1.90431,1.94839,1.99317,2.03735,2.07788,2.11558,2.15144,2.18594,2.21626,2.24559,2.27211,2.29842,2.32109,2.34323,2.36355,2.37928,2.39468,2.40734,2.41799,2.42789,2.4339,2.43821,2.44277,2.44401,2.4426,2.43891,2.43351,2.42886,2.41542,2.40808,2.39478,2.37894,2.36182,2.34422,2.32306,2.29799,2.2752,2.24528,2.21735,2.18464,2.15165,2.11526,2.0767,2.03575,1.99414,1.94793,1.90345,1.85312,1.80438,1.75189,1.69437,1.63797,1.57754,1.51807,1.45484,1.39006,1.323,1.25676,1.18514,1.11445,1.0415,0.966743,0.890507,0.814386,0.736319,0.655939,0.576461,0.495206,0.414297,0.332063,0.250591,0.166047,0.0834028,-0.000873094
-2.73985e-05,0.0855037,0.171361,0.259297,0.344425,0.429551,0.51255,0.598101,0.681615,0.762419,0.844039,0.920532,1.00023,1.07795,1.15162,1.22545,1.29553,1.3646,1.43321,1.49811,1.56156,1.62362,1.6834,1.74067,1.79799,1.84963,1.90117,1.94998,1.99765,2.03906,2.08205,2.12273,2.1611,2.19484,2.22645,2.26,2.28754,2.31554,2.34098,2.36309,2.38201,2.40087,2.41853,2.432,2.44431,2.45584,2.46538,2.47167,2.47742,2.47662,2.47858,2.47939,2.47532,2.47018,2.46269,2.45595,2.44483,2.43377,2.42085,2.40105,2.38428,2.36174,2.34154,2.31496,2.28865,2.25964,2.22847,2.19412,2.16112,2.12278,2.08202,2.04185,1.99636,1.9524,1.90111,1.85265,1.79679,1.74263,1.68486,1.62481,1.56277,1.49861,1.43377,1.36383,1.29558,1.22406,1.15193,1.07557,0.999372,0.92217,0.841608,0.762678,0.680802,0.597887,0.514406,0.429475,0.344367,0.260027,0.171945,0.0866174,-0.00132176
0.00156094,0.090082,0.178964,0.268304,0.355955,0.444317,0.533127,0.619526,0.704766,0.787789,0.872878,0.953186,1.03194,1.11134,1.18852,1.26177,1.33463,1.4075,1.47428,1.54044,1.60622,1.66949,1.72805,1.78548,1.84067,1.89495,1.94476,1.99224,2.04054,2.08432,2.12535,2.16603,2.20085,2.23809,2.27135,2.29661,2.32711,2.3537,2.37649,2.3968,2.42079,2.43685,2.45368,2.46824,2.47781,2.48918,2.49648,2.50289,2.50771,2.51051,2.5158,2.51073,2.50698,2.50489,2.49777,2.48635,2.47815,2.46638,2.45227,2.43861,2.41903,2.39648,2.37883,2.35482,2.32729,2.29788,2.26771,2.2376,2.20426,2.16615,2.1275,2.08488,2.03933,1.99473,1.946,1.8957,1.84111,1.78609,1.72937,1.66714,1.60751,1.54145,1.47489,1.40613,1.33545,1.26164,1.18689,1.10996,1.03295,0.953817,0.872103,0.7882,0.703239,0.619027,0.531696,0.443914,0.356255,0.266963,0.178757,0.0886713,-0.000833593
-0.000465806,0.0921518,0.18558,0.277089,0.368723,0.458691,0.55022,0.638516,0.727368,0.812676,0.898919,0.983135,1.06431,1.14539,1.22409,1.29888,1.37246,1.44599,1.51699,1.58277,1.64959,1.71076,1.77108,1.82997,1.88427,1.93682,1.98891,2.03744,2.08251,2.12737,2.16677,2.20487,2.24101,2.27381,2.30809,2.33641,2.36534,2.39025,2.41474,2.4325,2.45406,2.47111,2.48339,2.4982,2.5108,2.51881,2.52872,2.53304,2.53891,2.54089,2.54383,2.5434,2.53858,2.53565,2.52714,2.52225,2.51154,2.50072,2.48677,2.47057,2.45153,2.43507,2.41309,2.39076,2.36499,2.33521,2.3081,2.27632,2.23986,2.20599,2.16782,2.12631,2.08338,2.03582,1.989,1.93751,1.88565,1.82888,1.77234,1.71072,1.64818,1.58483,1.51573,1.44647,1.37347,1.29907,1.2245,1.14516,1.06382,0.98233,0.900277,0.813535,0.727108,0.638132,0.549746,0.459952,0.369437,0.276996,0.185297,0.0910413,-0.00036971
-0.000536208,0.0959177,0.189992,0.285673,0.381621,0.474225,0.56756,0.658748,0.749044,0.837911,0.925876,1.01187,1.09479,1.1775,1.25809,1.33647,1.41141,1.48496,1.55531,1.62429,1.68964,1.75244,1.81164,1.8704,1.92747,1.97892,2.02866,2.07656,2.12305,2.16475,2.20499,2.24323,2.27849,2.31094,2.34208,2.37245,2.39732,2.42487,2.44465,2.46447,2.48379,2.50116,2.51533,2.52921,2.53885,2.5472,2.55766,2.56157,2.56673,2.57028,2.56962,2.57102,2.56443,2.56321,2.55761,2.54908,2.53935,2.52756,2.51569,2.50064,2.48405,2.46604,2.44529,2.42259,2.40062,2.37123,2.34542,2.31367,2.27789,2.24615,2.20522,2.16581,2.12188,2.07765,2.02831,1.97862,1.92414,1.87075,1.81295,1.7519,1.68989,1.62346,1.55611,1.48625,1.41075,1.33473,1.25818,1.17891,1.09544,1.01122,0.925284,0.839032,0.75016,0.658398,0.566872,0.474433,0.382119,0.287157,0.191075,0.0957605,9.45122e-05
-0.00142796,0.0981038,0.197917,0.29459,0.39295,0.488889,0.583449,0.679449,0.770854,0.862731,0.952839,1.04138,1.12666,1.20915,1.29102,1.37058,1.44671,1.52074,1.59153,1.66137,1.72744,1.7915,1.85105,1.90866,1.9646,2.01923,2.06705,2.11267,2.16125,2.20362,2.24203,2.27749,2.31482,2.3473,2.3748,2.40323,2.42736,2.45085,2.47557,2.49363,2.51064,2.52788,2.54176,2.5539,2.56561,2.57372,2.58041,2.58649,2.59084,2.59226,2.59296,2.5919,2.58991,2.58792,2.58064,2.57386,2.56496,2.55567,2.54102,2.5268,2.51592,2.49353,2.47638,2.4532,2.42729,2.40468,2.37865,2.34872,2.31446,2.27939,2.24055,2.20313,2.15929,2.11715,2.07049,2.01753,1.966,1.9102,1.85141,1.79129,1.72915,1.66243,1.59241,1.52059,1.44727,1.36984,1.29144,1.20939,1.12685,1.03792,0.951999,0.863491,0.770173,0.67871,0.584695,0.489281,0.392547,0.295056,0.197592,0.0980526,0.000835898
-0.00129012,0.100945,0.20303,0.302993,0.403272,0.503025,0.600606,0.696508,0.792209,0.885231,0.978166,1.06604,1.15524,1.24101,1.32206,1.4041,1.48139,1.55668,1.62922,1.69841,1.76433,1.82868,1.89001,1.94951,2.00177,2.05577,2.10572,2.15008,2.19468,2.23854,2.27459,2.30954,2.34433,2.37754,2.40725,2.43637,2.45801,2.47951,2.50114,2.52052,2.53672,2.55365,2.56541,2.57779,2.58814,2.59661,2.59986,2.61027,2.6124,2.61698,2.6158,2.61631,2.61279,2.61158,2.60172,2.59925,2.5871,2.58134,2.56715,2.55053,2.54005,2.51975,2.50181,2.48,2.45534,2.43371,2.4047,2.37729,2.34714,2.31128,2.27459,2.23735,2.19581,2.15169,2.10443,2.05446,2.00227,1.94426,1.89055,1.82918,1.76394,1.69613,1.62669,1.55719,1.48084,1.40216,1.32314,1.23951,1.15494,1.06782,0.978824,0.884711,0.792544,0.695408,0.601326,0.501405,0.403558,0.304339,0.202473,0.100648,-0.000897615
8.77297e-05,0.104032,0.208531,0.313259,0.4144,0.516921,0.616854,0.714669,0.813307,0.908493,1.0025,1.09321,1.18289,1.26964,1.35296,1.43447,1.51384,1.59012,1.66406,1.73349,1.80016,1.86437,1.92407,1.98335,2.03803,2.08837,2.13776,2.18587,2.22889,2.27078,2.30893,2.34159,2.37441,2.40748,2.43743,2.46157,2.4846,2.50404,2.52745,2.54513,2.55943,2.57809,2.5863,2.5993,2.61001,2.61881,2.62257,2.62778,2.63075,2.63485,2.63291,2.6318,2.63246,2.63042,2.62386,2.61916,2.609,2.60194,2.58906,2.57695,2.55952,2.54208,2.52728,2.51043,2.48435,2.46179,2.43493,2.4067,2.3762,2.34502,2.30662,2.27041,2.22776,2.18471,2.13802,2.08927,2.0376,1.98306,1.92613,1.86293,1.79904,1.73278,1.66306,1.59077,1.51349,1.4363,1.35314,1.27025,1.1815,1.0937,1.0012,0.909203,0.812075,0.716282,0.615401,0.517271,0.414714,0.311334,0.207859,0.103646,-0.000508498
-6.92764e-05,0.106486,0.21452,0.319728,0.424518,0.530134,0.631682,0.733384,0.832236,0.930308,1.02642,1.11963,1.21021,1.2983,1.38159,1.46645,1.54531,1.62219,1.69619,1.76556,1.83293,1.89662,1.95881,2.01583,2.0708,2.12309,2.17043,2.21791,2.25959,2.30105,2.3355,2.37094,2.40399,2.43269,2.46302,2.48841,2.50901,2.53002,2.54836,2.56674,2.58258,2.59852,2.60808,2.6194,2.6292,2.63481,2.64082,2.64789,2.64919,2.65574,2.6541,2.65035,2.65292,2.64673,2.64275,2.6376,2.62945,2.62225,2.60938,2.59911,2.58267,2.56571,2.54907,2.53227,2.51058,2.48981,2.45958,2.43654,2.40436,2.37185,2.33794,2.29977,2.25909,2.21571,2.17032,2.12124,2.06997,2.01516,1.95759,1.89768,1.83357,1.76578,1.69779,1.6231,1.54696,1.4662,1.38416,1.29782,1.21083,1.11984,1.02508,0.930007,0.832307,0.734244,0.630671,0.528378,0.424511,0.31846,0.212034,0.108253,0.000686753
0.000909724,0.108529,0.219508,0.326662,0.434128,0.540372,0.646446,0.749613,0.851195,0.950213,1.04968,1.14217,1.23398,1.32498,1.41033,1.49607,1.57659,1.6532,1.72693,1.79698,1.86462,1.93097,1.98984,2.04815,2.10021,2.15429,2.2006,2.24752,2.29003,2.32909,2.36294,2.39856,2.42829,2.45905,2.48547,2.5085,2.53206,2.55343,2.57201,2.58696,2.59837,2.61584,2.62694,2.63448,2.64779,2.64998,2.65963,2.66289,2.66975,2.66372,2.6691,2.66842,2.6621,2.65952,2.65761,2.653,2.64416,2.63593,2.62701,2.61712,2.60326,2.58564,2.57029,2.55123,2.53421,2.50993,2.48629,2.46053,2.43179,2.39984,2.36496,2.32772,2.28931,2.24788,2.20093,2.15546,2.10128,2.04765,1.98805,1.93043,1.86509,1.7963,1.7281,1.65286,1.57422,1.49596,1.41065,1.3233,1.23478,1.14346,1.04875,0.952104,0.852015,0.750148,0.646262,0.540461,0.433277,0.326188,0.218329,0.108497,-0.00147853
2.68288e-05,0.111579,0.222967,0.333926,0.443451,0.552188,0.659661,0.764654,0.869247,0.96979,1.06972,1.16661,1.25892,1.35022,1.43808,1.52233,1.60475,1.68196,1.75648,1.82751,1.89336,1.95907,2.01944,2.0756,2.13008,2.18356,2.22726,2.27356,2.31571,2.35426,2.38688,2.42151,2.45204,2.47999,2.50952,2.5314,2.55306,2.57178,2.58979,2.60478,2.62152,2.6284,2.64439,2.65301,2.65753,2.66714,2.67389,2.67518,2.67849,2.68043,2.68315,2.67726,2.67837,2.67686,2.6731,2.66687,2.65904,2.65042,2.64324,2.63221,2.61818,2.605,2.58846,2.57233,2.55382,2.52879,2.50913,2.4821,2.45516,2.42222,2.39042,2.35584,2.31547,2.27661,2.22911,2.18043,2.13132,2.07857,2.0192,1.95761,1.89457,1.82757,1.75627,1.68077,1.60347,1.52139,1.43791,1.35139,1.25982,1.16642,1.07012,0.970176,0.868659,0.766812,0.660245,0.551935,0.444063,0.333618,0.223233,0.112653,9.85517e-05
-0.000175611,0.114801,0.228705,0.341073,0.453432,0.562197,0.67276,0.780094,0.88614,0.989198,1.0891,1.18776,1.28266,1.37355,1.4626,1.54871,1.62938,1.70732,1.7835,1.85332,1.92264,1.9875,2.04677,2.10289,2.15699,2.20765,2.25398,2.29888,2.34007,2.37446,2.41255,2.44627,2.47273,2.50445,2.52693,2.5504,2.57319,2.58691,2.60553,2.62205,2.63326,2.64693,2.65671,2.66866,2.67543,2.67843,2.68312,2.68938,2.68845,2.69409,2.6951,2.69216,2.6925,2.68499,2.68564,2.67944,2.6743,2.66536,2.65721,2.64628,2.63569,2.62242,2.60691,2.58736,2.57244,2.54911,2.52448,2.50092,2.47433,2.44638,2.40907,2.3789,2.33964,2.29854,2.25609,2.20617,2.15753,2.10369,2.04613,1.98567,1.92054,1.85444,1.78479,1.70789,1.63003,1.54884,1.46366,1.37423,1.28353,1.18761,1.091,0.990074,0.886359,0.779557,0.672893,0.563794,0.452438,0.34167,0.227519,0.112709,-0.000304657
-0.00130978,0.116641,0.231555,0.346332,0.461845,0.573634,0.68456,0.794473,0.902197,1.0059,1.10895,1.20706,1.30459,1.3963,1.48735,1.57166,1.65546,1.73211,1.80887,1.88045,1.94834,2.00998,2.07215,2.12716,2.18177,2.23232,2.27637,2.32221,2.36192,2.39833,2.43489,2.46525,2.49402,2.52074,2.54604,2.56871,2.58412,2.60495,2.61987,2.64032,2.64725,2.65729,2.67087,2.67557,2.68475,2.68654,2.6972,2.70048,2.70399,2.70352,2.70594,2.70367,2.7023,2.69768,2.69688,2.69107,2.68432,2.68236,2.67049,2.66041,2.64664,2.63692,2.62339,2.60645,2.58584,2.56869,2.54773,2.52091,2.4946,2.46678,2.43499,2.4016,2.36147,2.32001,2.2781,2.23194,2.18434,2.12853,2.07133,2.01306,1.94656,1.87892,1.8075,1.73232,1.65539,1.57339,1.48676,1.39682,1.30354,1.20735,1.10723,1.00577,0.901927,0.793196,0.684417,0.57446,0.462337,0.34699,0.232347,0.116065,-0.000288216
0.000405052,0.117562,0.236716,0.352802,0.469481,0.583104,0.696477,0.807508,0.916593,1.02231,1.12426,1.22477,1.32295,1.41643,1.50787,1.59374,1.67569,1.75651,1.83257,1.90362,1.97021,2.03374,2.09421,2.15263,2.20298,2.25505,2.3002,2.34413,2.38263,2.4209,2.45463,2.48407,2.51526,2.53917,2.5602,2.58342,2.60119,2.61743,2.63597,2.64661,2.66114,2.67218,2.67975,2.6864,2.69511,2.70062,2.70509,2.7072,2.70935,2.71212,2.71304,2.71113,2.71298,2.71014,2.70626,2.70289,2.69012,2.69001,2.68467,2.6735,2.65939,2.64941,2.63327,2.61725,2.60242,2.58166,2.56082,2.53882,2.51034,2.48402,2.4518,2.42152,2.38236,2.34445,2.30066,2.25461,2.20656,2.15121,2.09415,2.03381,1.9729,1.90322,1.83214,1.75603,1.67686,1.59422,1.50782,1.417,1.32342,1.22662,1.12473,1.02223,0.916142,0.806961,0.696411,0.58388,0.469247,0.353131,0.235546,0.117708,7.29733e-05
7.77361e-05,0.120006,0.239224,0.358198,0.475777,0.592615,0.70699,0.819447,0.931704,1.03695,1.1409,1.24335,1.34092,1.43539,1.52541,1.6139,1.69717,1.77811,1.85346,1.92582,1.99175,2.05739,2.11683,2.17458,2.22656,2.27364,2.3185,2.36064,2.401,2.43743,2.4682,2.50146,2.52737,2.55698,2.57575,2.59753,2.61426,2.63131,2.64641,2.65832,2.67212,2.68103,2.68856,2.69673,2.70295,2.71021,2.71339,2.7152,2.71693,2.72005,2.71977,2.71771,2.71908,2.71741,2.71364,2.71063,2.703,2.69668,2.69527,2.68374,2.6698,2.65942,2.64815,2.6315,2.61474,2.59547,2.57314,2.55438,2.52855,2.50255,2.47036,2.43762,2.40054,2.36236,2.31925,2.27368,2.22744,2.17134,2.11392,2.05599,1.99294,1.92547,1.8547,1.7753,1.69911,1.61308,1.52771,1.4358,1.34186,1.24275,1.13998,1.03696,0.92878,0.819462,0.707258,0.593076,0.475823,0.357985,0.239638,0.119703,-0.000167342
0.000995732,0.121669,0.243135,0.363108,0.481436,0.599656,0.716383,0.832059,0.940757,1.05007,1.15644,1.25816,1.35654,1.45349,1.54378,1.63163,1.71473,1.79781,1.87174,1.94434,2.01022,2.07522,2.13406,2.19065,2.24439,2.29319,2.3394,2.38068,2.41652,2.45294,2.48621,2.51449,2.53999,2.56473,2.59125,2.6092,2.62598,2.64401,2.6568,2.66929,2.67955,2.68776,2.69927,2.70498,2.71197,2.7177,2.72112,2.72262,2.72423,2.72548,2.72669,2.72932,2.72704,2.72683,2.71843,2.7198,2.71306,2.70688,2.70008,2.69013,2.68032,2.67031,2.65244,2.64413,2.62315,2.61046,2.59118,2.56587,2.54129,2.51735,2.48556,2.45275,2.41732,2.38007,2.33648,2.29242,2.2443,2.19239,2.13446,2.07623,2.0114,1.94361,1.87169,1.7953,1.71493,1.63305,1.54495,1.4519,1.35837,1.25817,1.15507,1.05026,0.943613,0.830253,0.715854,0.599682,0.483648,0.363604,0.242021,0.12261,-0.000121137
0.000537728,0.123454,0.245591,0.36836,0.488199,0.606613,0.725659,0.840553,0.952472,1.06199,1.16854,1.27212,1.37127,1.46796,1.56079,1.64795,1.73421,1.81233,1.88941,1.95826,2.0294,2.09157,2.15201,2.20571,2.25925,2.31057,2.35273,2.39326,2.43305,2.46456,2.50036,2.52765,2.55332,2.57975,2.60185,2.61905,2.63754,2.65241,2.66507,2.6741,2.68646,2.69947,2.7026,2.71029,2.7159,2.7221,2.72619,2.72636,2.73145,2.73483,2.73398,2.73059,2.73412,2.72886,2.72369,2.72191,2.71611,2.71271,2.70579,2.69736,2.6899,2.68122,2.66646,2.65317,2.63216,2.61767,2.59982,2.5785,2.55707,2.52666,2.49854,2.46812,2.43166,2.39405,2.3522,2.30698,2.2619,2.20961,2.15053,2.09233,2.0299,1.96219,1.88954,1.81394,1.73375,1.64919,1.55916,1.46711,1.37406,1.27165,1.16793,1.06208,0.952692,0.839145,0.724602,0.607989,0.487422,0.367633,0.246045,0.123401,-0.000612483
-0.000467851,0.124637,0.248439,0.371006,0.493749,0.612693,0.731733,0.848451,0.962596,1.07175,1.1798,1.28482,1.38325,1.48126,1.57401,1.66302,1.74643,1.82711,1.9024,1.97611,2.04349,2.10713,2.16867,2.22071,2.2754,2.32245,2.36722,2.40673,2.44558,2.48136,2.51033,2.53863,2.56748,2.59014,2.60741,2.62785,2.64447,2.65863,2.67684,2.6847,2.69664,2.70323,2.71141,2.71794,2.7241,2.72444,2.72783,2.73378,2.73778,2.73667,2.73939,2.73944,2.73622,2.73246,2.73174,2.72772,2.72522,2.71938,2.71042,2.70022,2.69454,2.68838,2.67482,2.6611,2.64599,2.62819,2.61114,2.5897,2.56706,2.53826,2.5102,2.47845,2.44565,2.40776,2.36722,2.32348,2.27389,2.22147,2.16547,2.10954,2.04319,1.97667,1.90468,1.82642,1.7486,1.66374,1.57425,1.4806,1.38538,1.28343,1.18096,1.07366,0.961497,0.84875,0.733135,0.614059,0.492918,0.371247,0.247837,0.123617,-0.000155611
-0.000222443,0.125651,0.24992,0.374675,0.497217,0.618734,0.738149,0.854675,0.970267,1.08086,1.19041,1.29577,1.39529,1.49166,1.58518,1.6742,1.75831,1.83979,1.9151,1.98802,2.05416,2.12128,2.1774,2.23405,2.28341,2.33223,2.37814,2.41828,2.45521,2.49323,2.52135,2.54912,2.57659,2.59949,2.61624,2.63639,2.65248,2.66729,2.67809,2.69353,2.70121,2.70879,2.71884,2.71962,2.72467,2.73069,2.73925,2.73521,2.73792,2.7413,2.74123,2.7423,2.74408,2.74021,2.73009,2.73181,2.73069,2.7219,2.71797,2.71082,2.69887,2.69281,2.67987,2.6659,2.65308,2.63556,2.61701,2.59659,2.57411,2.54755,2.5182,2.48776,2.45501,2.41577,2.37896,2.33353,2.28678,2.23447,2.17919,2.12122,2.05568,1.98727,1.9158,1.83976,1.75928,1.67343,1.58632,1.49388,1.39635,1.29429,1.19065,1.08009,0.969321,0.854931,0.73821,0.619746,0.497609,0.374881,0.251141,0.125382,0.000381889
0.000421256,0.126043,0.252147,0.377171,0.501105,0.624443,0.742739,0.862062,0.977856,1.08854,1.19728,1.30123,1.40392,1.50258,1.59455,1.68569,1.76989,1.84789,1.92556,1.99924,2.06711,2.13065,2.1898,2.24356,2.29674,2.3427,2.38646,2.42825,2.46403,2.49802,2.52689,2.55554,2.58309,2.60249,2.62155,2.64251,2.66315,2.67445,2.68342,2.69862,2.70438,2.71736,2.71987,2.72622,2.73088,2.73647,2.74066,2.73771,2.74357,2.73843,2.74562,2.74567,2.74064,2.73909,2.74393,2.73609,2.73058,2.72501,2.72015,2.71515,2.70419,2.69649,2.68297,2.67024,2.65746,2.6419,2.6276,2.60329,2.58088,2.55549,2.52869,2.49947,2.4631,2.42766,2.38808,2.34226,2.29633,2.24522,2.18979,2.13086,2.06786,1.99777,1.92682,1.85096,1.76856,1.68406,1.59575,1.50028,1.40288,1.30159,1.19677,1.08747,0.97686,0.861701,0.743299,0.623216,0.501461,0.377436,0.252297,0.126641,0.000144023
0.000147265,0.127216,0.254499,0.379171,0.504005,0.626494,0.747598,0.867806,0.982532,1.09533,1.20266,1.30893,1.41312,1.50985,1.60251,1.69403,1.77741,1.85927,1.93545,2.00669,2.07333,2.13644,2.19867,2.25089,2.30194,2.34992,2.39495,2.43428,2.47034,2.50336,2.53272,2.56163,2.58614,2.60936,2.62978,2.64904,2.66292,2.6761,2.68829,2.70066,2.71039,2.71432,2.7201,2.72413,2.73666,2.73943,2.74002,2.74563,2.74799,2.75069,2.74597,2.74318,2.7445,2.74719,2.74094,2.73625,2.73386,2.72901,2.72362,2.71665,2.70892,2.70012,2.68667,2.67639,2.66113,2.64599,2.62993,2.60828,2.58554,2.56103,2.53545,2.5019,2.47129,2.43458,2.39518,2.34883,2.30292,2.25072,2.19806,2.13667,2.0719,2.00765,1.93392,1.85718,1.77535,1.69167,1.60368,1.51061,1.41158,1.30818,1.20495,1.09397,0.982083,0.865493,0.748349,0.627022,0.50394,0.37937,0.253354,0.127301,9.72637e-05
0.000274964,0.127822,0.254587,0.381613,0.505838,0.629104,0.74992,0.869706,0.984255,1.09801,1.20823,1.31492,1.41437,1.51534,1.60854,1.69851,1.78098,1.86316,1.93982,2.01213,2.07866,2.14411,2.20308,2.25778,2.30897,2.3567,2.3994,2.44055,2.47486,2.50969,2.53786,2.56674,2.59202,2.61276,2.63064,2.65115,2.66668,2.68108,2.6926,2.7011,2.7113,2.72061,2.72786,2.72853,2.73617,2.73849,2.73871,2.7436,2.74583,2.74742,2.74671,2.74932,2.7465,2.7467,2.74224,2.73796,2.73576,2.73404,2.7246,2.71804,2.71155,2.69996,2.69396,2.68517,2.66503,2.65101,2.63365,2.61112,2.5909,2.56518,2.53804,2.50753,2.47537,2.43819,2.3993,2.35628,2.30837,2.25807,2.20293,2.14216,2.07917,2.01137,1.94095,1.86581,1.78374,1.69826,1.60819,1.51396,1.41517,1.31244,1.20753,1.09747,0.98422,0.869324,0.7497,0.629599,0.507031,0.380956,0.254704,0.127894,-7.00336e-05
3.52685e-05,0.127788,0.255448,0.381843,0.506966,0.630839,0.752753,0.872123,0.987548,1.10016,1.21125,1.31761,1.41664,1.51754,1.61047,1.7012,1.78498,1.86614,1.94281,2.01538,2.08566,2.14615,2.20733,2.26223,2.31258,2.35871,2.40051,2.44187,2.47772,2.51089,2.54091,2.56794,2.59271,2.61455,2.63493,2.65162,2.66799,2.68422,2.69358,2.70281,2.71152,2.72056,2.72321,2.72974,2.73443,2.74111,2.74767,2.74536,2.74724,2.74248,2.74805,2.75054,2.74445,2.74674,2.74368,2.74261,2.73546,2.73056,2.72729,2.7178,2.7123,2.70594,2.69384,2.67923,2.66712,2.65066,2.63534,2.61369,2.59258,2.56738,2.54234,2.511,2.47822,2.44375,2.40159,2.3593,2.31436,2.25973,2.20569,2.1473,2.08475,2.01514,1.94304,1.86753,1.78773,1.701,1.6109,1.51744,1.42037,1.31688,1.2107,1.10108,0.987723,0.871555,0.752464,0.632006,0.507608,0.381901,0.255426,0.127871,-2.6574e-05
1.0002e-19,0.127966,0.255363,0.381931,0.507895,0.63076,0.752964,0.872637,0.987578,1.10098,1.2117,1.31789,1.4209,1.51879,1.61194,1.70261,1.78706,1.86981,1.94632,2.01448,2.08528,2.14906,2.20851,2.26249,2.31321,2.35969,2.40496,2.44341,2.47868,2.51074,2.54198,2.56905,2.59333,2.61538,2.63363,2.65318,2.66756,2.68292,2.69159,2.69953,2.70951,2.71827,2.72811,2.73489,2.73732,2.74317,2.74649,2.74663,2.74945,2.74372,2.74616,2.7455,2.74874,2.74623,2.74379,2.73758,2.73519,2.72654,2.72697,2.72,2.71317,2.7021,2.69169,2.68281,2.66929,2.65476,2.63257,2.61577,2.59468,2.56781,2.5386,2.51363,2.4789,2.44416,2.40222,2.35925,2.31169,2.26202,2.20573,2.14719,2.08668,2.01783,1.94432,1.86809,1.78827,1.70208,1.6108,1.51792,1.41906,1.31767,1.21056,1.10248,0.988289,0.871124,0.752696,0.631438,0.507854,0.382652,0.256012,0.128004,5.00332e-16
5.35857e-05,0.128134,0.255634,0.382042,0.506949,0.630371,0.751757,0.870856,0.987685,1.10073,1.2106,1.31754,1.41939,1.51688,1.61112,1.70137,1.78654,1.86807,1.94309,2.01479,2.08622,2.1471,2.20529,2.25847,2.31129,2.36088,2.40065,2.44311,2.47807,2.51269,2.53889,2.56904,2.59272,2.61179,2.63362,2.65105,2.66669,2.68016,2.69118,2.7038,2.71598,2.7172,2.72663,2.73546,2.73325,2.74327,2.73895,2.74821,2.74821,2.75073,2.74914,2.74854,2.74168,2.74498,2.74183,2.74256,2.73859,2.73351,2.72929,2.72155,2.71451,2.70585,2.69356,2.67842,2.66746,2.65394,2.63448,2.61683,2.59355,2.56872,2.53953,2.51104,2.47747,2.44023,2.40117,2.35739,2.31399,2.26066,2.20625,2.14711,2.08461,2.01493,1.94438,1.86835,1.78562,1.70019,1.61107,1.51749,1.41987,1.31509,1.20889,1.10078,0.987519,0.871421,0.752845,0.630817,0.506821,0.381529,0.255893,0.127838,-4.46238e-06
0.000124621,0.127579,0.254831,0.38146,0.505671,0.62829,0.750964,0.868406,0.985901,1.09766,1.20841,1.31411,1.41508,1.51525,1.60785,1.69808,1.78254,1.86313,1.9407,2.01236,2.08054,2.14134,2.20321,2.25705,2.30955,2.35575,2.39965,2.43952,2.4746,2.50831,2.53532,2.56618,2.59026,2.61221,2.632,2.64984,2.66668,2.68007,2.69305,2.69788,2.71182,2.71938,2.72956,2.73064,2.73942,2.73938,2.74424,2.74975,2.74694,2.74716,2.75087,2.74487,2.74579,2.74812,2.7357,2.7434,2.73449,2.72892,2.725,2.72116,2.71158,2.7031,2.69135,2.68103,2.66432,2.64807,2.63468,2.61235,2.59077,2.56645,2.54025,2.50669,2.47645,2.44068,2.39687,2.35609,2.30876,2.2574,2.2038,2.14289,2.08141,2.01156,1.93976,1.86039,1.7824,1.69698,1.60497,1.51319,1.41479,1.31357,1.20704,1.09817,0.98532,0.869603,0.751317,0.629671,0.506578,0.381635,0.254757,0.127815,-6.89188e-05
0.000289646,0.127435,0.25423,0.379806,0.504413,0.626882,0.74794,0.865554,0.982013,1.09501,1.20427,1.30915,1.41089,1.50894,1.6021,1.6931,1.77635,1.8577,1.93438,2.005,2.07488,2.13775,2.19616,2.25126,2.30382,2.3501,2.39251,2.43449,2.46886,2.5033,2.53232,2.56066,2.58661,2.61055,2.6267,2.64665,2.66332,2.67859,2.68826,2.70041,2.70751,2.71308,2.72381,2.72841,2.73211,2.74031,2.7414,2.74288,2.74293,2.74269,2.74553,2.74731,2.74361,2.74285,2.74418,2.73483,2.73436,2.72902,2.72033,2.71611,2.71002,2.69835,2.68569,2.67689,2.66346,2.64867,2.62593,2.60824,2.58593,2.56057,2.53546,2.50433,2.47103,2.43484,2.3941,2.34945,2.30339,2.25261,2.19655,2.13935,2.07499,2.00569,1.9349,1.85784,1.77615,1.69095,1.60165,1.51021,1.413,1.30899,1.20418,1.09644,0.980532,0.865625,0.748444,0.626131,0.504161,0.379406,0.253855,0.12697,-8.80159e-05
5.42545e-05,0.126336,0.252717,0.377291,0.500946,0.624187,0.743878,0.862202,0.976951,1.09114,1.19745,1.30383,1.40269,1.50211,1.59477,1.68427,1.76966,1.85048,1.92816,1.99868,2.06451,2.12847,2.18798,2.24187,2.29574,2.34268,2.38561,2.42709,2.46432,2.49775,2.5279,2.55523,2.58044,2.60318,2.62564,2.63898,2.65858,2.67036,2.68278,2.69372,2.70509,2.7125,2.71722,2.72502,2.72974,2.73497,2.73871,2.74222,2.74842,2.74325,2.74772,2.74229,2.74251,2.74612,2.73939,2.73634,2.71888,2.7206,2.71995,2.71445,2.70556,2.69724,2.68731,2.67429,2.65774,2.64156,2.62492,2.60175,2.57971,2.55682,2.52925,2.49717,2.46356,2.42824,2.38701,2.34151,2.29511,2.24591,2.19003,2.13025,2.06587,1.99733,1.92649,1.85041,1.76901,1.68314,1.59514,1.50203,1.40308,1.30273,1.1978,1.08791,0.976289,0.861497,0.743028,0.623139,0.501406,0.377306,0.252856,0.125491,-0.000249079
-4.74265e-05,0.125078,0.250745,0.374348,0.497898,0.618662,0.738113,0.854274,0.970888,1.08108,1.19097,1.29521,1.39427,1.49282,1.58423,1.67541,1.75902,1.83887,1.91514,1.98901,2.05546,2.12081,2.17826,2.23518,2.28647,2.33272,2.37752,2.41842,2.45444,2.4879,2.51925,2.54756,2.57438,2.59711,2.61447,2.63664,2.65224,2.66738,2.68373,2.69073,2.69965,2.70909,2.71832,2.71901,2.7247,2.73066,2.73172,2.73968,2.73707,2.73985,2.7443,2.73853,2.7408,2.7383,2.73772,2.73514,2.72559,2.72375,2.71565,2.70901,2.69858,2.68712,2.68426,2.66654,2.65349,2.633,2.61937,2.59672,2.57515,2.54934,2.52031,2.48865,2.45439,2.41897,2.37669,2.33341,2.28479,2.23407,2.17941,2.12054,2.05535,1.98967,1.91567,1.84124,1.75829,1.67449,1.58619,1.49411,1.39691,1.29502,1.19114,1.08182,0.970416,0.856876,0.738628,0.618878,0.497983,0.374808,0.250084,0.125749,0.000261731
0.000353532,0.124095,0.248049,0.371602,0.494795,0.613622,0.732221,0.848492,0.961853,1.07225,1.1795,1.28563,1.38297,1.48068,1.57308,1.66208,1.74816,1.82686,1.9049,1.97797,2.04378,2.10846,2.16687,2.2227,2.27485,2.32215,2.36584,2.40703,2.44301,2.47737,2.50992,2.53899,2.56413,2.58758,2.60877,2.62781,2.64863,2.66031,2.67409,2.68223,2.69357,2.70366,2.7091,2.71645,2.72259,2.72797,2.734,2.73633,2.73407,2.73879,2.7335,2.73675,2.73617,2.73337,2.73074,2.72796,2.72061,2.71955,2.7076,2.70382,2.69854,2.68421,2.67124,2.65777,2.64404,2.62904,2.60768,2.59057,2.56518,2.53776,2.51039,2.48165,2.44623,2.40692,2.36622,2.32302,2.2758,2.2223,2.16732,2.10668,2.04127,1.97486,1.90471,1.82714,1.74684,1.66238,1.57359,1.48196,1.38386,1.28279,1.1792,1.0734,0.961239,0.848631,0.732096,0.614116,0.49444,0.370799,0.248101,0.124898,-0.000423908
0.00036978,0.123015,0.24598,0.36733,0.488629,0.607344,0.724992,0.840516,0.952219,1.06292,1.1695,1.2744,1.37144,1.46636,1.55964,1.64925,1.73255,1.81361,1.88809,1.96395,2.02878,2.09228,2.15225,2.20722,2.25934,2.30988,2.35253,2.39569,2.43263,2.46656,2.49956,2.52783,2.55383,2.57906,2.5992,2.6181,2.63529,2.65234,2.66629,2.67856,2.6888,2.69809,2.70535,2.71204,2.72013,2.72104,2.72601,2.72718,2.73272,2.73445,2.73276,2.73303,2.73439,2.72796,2.7274,2.72179,2.71808,2.71257,2.7077,2.69847,2.68936,2.68018,2.66482,2.6545,2.63496,2.62033,2.5998,2.57744,2.55559,2.52967,2.49983,2.46769,2.4322,2.39384,2.35163,2.30701,2.25966,2.20836,2.15167,2.09218,2.02776,1.9619,1.88775,1.81337,1.73232,1.64837,1.55971,1.46757,1.37137,1.27148,1.16853,1.06189,0.952351,0.839973,0.724904,0.606954,0.48922,0.367839,0.245565,0.12257,-0.000741118
-0.000264608,0.121308,0.2434,0.363066,0.481842,0.600778,0.715345,0.830706,0.940241,1.05127,1.1558,1.25939,1.35812,1.45284,1.54288,1.63277,1.71624,1.79588,1.87284,1.94231,2.01165,2.07527,2.13565,2.19138,2.24366,2.29435,2.33902,2.38128,2.41783,2.45391,2.48336,2.51381,2.54395,2.56599,2.59037,2.6107,2.62737,2.64264,2.6555,2.67083,2.67974,2.68835,2.6974,2.70434,2.71337,2.71798,2.72198,2.72371,2.73116,2.72782,2.7282,2.7311,2.72382,2.72057,2.71941,2.7149,2.70957,2.70641,2.69939,2.68812,2.68108,2.66527,2.65803,2.64225,2.62704,2.60824,2.58946,2.56523,2.542,2.51679,2.48605,2.45252,2.41804,2.37955,2.33714,2.29172,2.24502,2.19142,2.13398,2.07688,2.01095,1.94378,1.87278,1.79769,1.71654,1.63225,1.54534,1.45149,1.35807,1.25857,1.15562,1.04828,0.941397,0.830086,0.716341,0.600668,0.482586,0.362702,0.242539,0.120981,-0.00081108
-0.0001384,0.119866,0.239987,0.358157,0.476207,0.591127,0.706226,0.820622,0.928037,1.03695,1.14117,1.24258,1.34126,1.43547,1.52767,1.61618,1.6969,1.77742,1.85342,1.92509,1.99265,2.05753,2.11622,2.17289,2.22566,2.2763,2.31931,2.36407,2.40016,2.43735,2.47059,2.49975,2.5268,2.55413,2.57605,2.59585,2.61502,2.62853,2.64701,2.66073,2.67227,2.67976,2.68701,2.69376,2.70351,2.71252,2.71484,2.71733,2.71803,2.7198,2.72013,2.72243,2.71533,2.71626,2.71461,2.7118,2.70592,2.6983,2.69077,2.68023,2.67154,2.66201,2.64863,2.63114,2.61316,2.59664,2.57636,2.55382,2.52755,2.499,2.47164,2.43744,2.40127,2.36108,2.32016,2.27545,2.22495,2.17233,2.118,2.05416,1.99199,1.92548,1.8518,1.77793,1.69842,1.61493,1.52649,1.43691,1.3422,1.24368,1.14256,1.03586,0.928134,0.819163,0.707403,0.593497,0.477052,0.357708,0.239114,0.120491,-0.000605982
0.000707458,0.117668,0.235906,0.352654,0.470049,0.582824,0.694759,0.806883,0.916688,1.02225,1.12519,1.22567,1.32593,1.41531,1.5065,1.59269,1.6778,1.75555,1.83166,1.90331,1.96941,2.03415,2.09461,2.15202,2.20429,2.25419,2.29811,2.34097,2.38085,2.41953,2.45326,2.48446,2.51333,2.53855,2.55923,2.57956,2.60072,2.61938,2.63451,2.65087,2.6632,2.66864,2.68226,2.68624,2.69716,2.70191,2.70208,2.70754,2.7141,2.71357,2.7107,2.71489,2.71179,2.70933,2.70718,2.69792,2.69689,2.69027,2.67735,2.6721,2.66069,2.64874,2.63587,2.62185,2.6029,2.58365,2.56176,2.53745,2.511,2.48688,2.45447,2.42042,2.3832,2.34634,2.30005,2.25447,2.20504,2.15286,2.09452,2.03336,1.97142,1.90275,1.83181,1.75535,1.67726,1.59395,1.50744,1.41682,1.32336,1.22649,1.12452,1.02222,0.915753,0.808767,0.69613,0.583929,0.468743,0.352811,0.237153,0.11759,-0.000565958
0.000700874,0.11688,0.232002,0.347146,0.460831,0.574087,0.685798,0.793947,0.902612,1.00695,1.10886,1.20817,1.30374,1.39799,1.487,1.57162,1.65519,1.73173,1.80827,1.88192,1.94709,2.01049,2.07222,2.12957,2.1821,2.23208,2.27903,2.32044,2.36292,2.40015,2.43406,2.46645,2.49627,2.52058,2.54581,2.56769,2.58506,2.60498,2.62026,2.63462,2.64919,2.65998,2.66866,2.67817,2.68262,2.68866,2.69621,2.69921,2.70339,2.70614,2.70233,2.70371,2.70221,2.69923,2.6913,2.69104,2.68703,2.67735,2.66844,2.65721,2.64512,2.63779,2.62183,2.60622,2.58803,2.56829,2.54562,2.52119,2.49497,2.46493,2.43294,2.39742,2.36254,2.32154,2.28027,2.23066,2.18268,2.12953,2.07171,2.01157,1.948,1.87885,1.80725,1.73251,1.65353,1.57144,1.48541,1.39702,1.30314,1.20737,1.10946,1.00574,0.90105,0.793966,0.685099,0.573754,0.460672,0.346342,0.232375,0.116613,-0.000271479
0.000458521,0.11296,0.227359,0.340624,0.453791,0.565316,0.672456,0.780822,0.886364,0.989179,1.08923,1.18953,1.28249,1.37562,1.4636,1.54707,1.6288,1.70628,1.78109,1.85535,1.92242,1.98558,2.04646,2.10256,2.15681,2.20775,2.25384,2.297,2.3393,2.3756,2.41425,2.44479,2.47707,2.50389,2.52575,2.54991,2.57361,2.58859,2.60913,2.62276,2.63477,2.64795,2.65706,2.66734,2.66911,2.67943,2.68341,2.68656,2.69474,2.69325,2.69304,2.68822,2.69153,2.68812,2.68587,2.68161,2.67391,2.66559,2.6551,2.64637,2.63496,2.61802,2.6088,2.58992,2.57197,2.55156,2.52784,2.50284,2.47517,2.44392,2.41424,2.37813,2.33922,2.29841,2.25687,2.20808,2.15767,2.10349,2.04694,1.98787,1.92273,1.85275,1.78262,1.7077,1.62974,1.54666,1.46434,1.37281,1.28125,1.18739,1.08942,0.989828,0.886663,0.780426,0.67257,0.563715,0.452169,0.340043,0.226936,0.114312,0.00058183
-6.08016e-05,0.112062,0.223282,0.334543,0.443422,0.552583,0.658675,0.765493,0.870341,0.97004,1.06975,1.16697,1.26014,1.34917,1.43696,1.52262,1.60464,1.68077,1.7536,1.82723,1.89436,1.95782,2.02005,2.07651,2.13105,2.18265,2.2286,2.2756,2.3164,2.35421,2.38961,2.42301,2.45226,2.48349,2.51005,2.53159,2.55321,2.57352,2.58977,2.60437,2.6206,2.63084,2.64243,2.64917,2.66085,2.66492,2.67415,2.67543,2.67997,2.67881,2.67816,2.68309,2.67999,2.67228,2.66891,2.66649,2.65791,2.65282,2.64093,2.63094,2.62104,2.60369,2.58901,2.57101,2.55172,2.5335,2.50743,2.48138,2.45367,2.4251,2.38884,2.35422,2.3164,2.27128,2.23016,2.1805,2.13169,2.07939,2.02053,1.95849,1.89493,1.82754,1.75534,1.68127,1.60394,1.5223,1.43641,1.35073,1.2589,1.16631,1.07017,0.971435,0.868624,0.766176,0.660007,0.553075,0.443953,0.334222,0.223689,0.112393,0.000181587
-0.000638592,0.108878,0.21898,0.3261,0.434511,0.54002,0.647113,0.748711,0.852417,0.951659,1.04719,1.14188,1.2342,1.3252,1.4107,1.49437,1.57582,1.65245,1.72658,1.79695,1.86484,1.92897,1.99077,2.04758,2.10124,2.1532,2.20072,2.2463,2.28654,2.32682,2.36568,2.3982,2.43065,2.45787,2.48574,2.50913,2.53431,2.55445,2.56808,2.58733,2.60244,2.61505,2.62767,2.63421,2.64629,2.65249,2.65885,2.66185,2.66638,2.66198,2.66744,2.6664,2.66591,2.65951,2.65742,2.65014,2.64395,2.63596,2.62564,2.61314,2.60121,2.58569,2.5706,2.55229,2.53229,2.50941,2.48754,2.45791,2.43023,2.39738,2.36492,2.32767,2.28909,2.24765,2.19952,2.15227,2.10074,2.04408,1.98773,1.93014,1.86374,1.79649,1.72665,1.65292,1.57749,1.49646,1.41122,1.32336,1.23502,1.14313,1.0471,0.951636,0.851214,0.749346,0.644902,0.539807,0.434781,0.327277,0.218382,0.109122,-9.26646e-05
0.000698233,0.106858,0.213305,0.320414,0.42435,0.528869,0.630912,0.73217,0.832979,0.930498,1.02549,1.12051,1.21028,1.29843,1.38357,1.46582,1.54581,1.62367,1.69606,1.76648,1.83288,1.89645,1.95717,2.01701,2.07031,2.12042,2.17352,2.21636,2.26003,2.29708,2.33694,2.37146,2.40349,2.43472,2.46147,2.48602,2.51192,2.53249,2.55364,2.5622,2.58297,2.59604,2.60565,2.62047,2.62942,2.6368,2.64208,2.64504,2.65107,2.65322,2.65226,2.65561,2.65087,2.64275,2.64155,2.63491,2.62788,2.61903,2.6082,2.59727,2.58287,2.56972,2.55048,2.52975,2.50918,2.48693,2.45946,2.43497,2.40366,2.37103,2.33947,2.29914,2.25896,2.217,2.17076,2.12168,2.07048,2.01583,1.95941,1.8986,1.83387,1.76564,1.69472,1.62171,1.54576,1.46658,1.3836,1.29754,1.20917,1.11849,1.02653,0.931105,0.833239,0.732898,0.630604,0.528132,0.424111,0.319502,0.213752,0.107316,-0.000941886
-0.000319166,0.104084,0.207872,0.311102,0.414641,0.516069,0.615906,0.715626,0.813685,0.908666,1.00272,1.09608,1.18302,1.26958,1.35369,1.43607,1.51405,1.58995,1.66194,1.73293,1.79996,1.86252,1.92474,1.982,2.03956,2.08805,2.13967,2.18266,2.22778,2.26952,2.31086,2.34197,2.37708,2.40569,2.43596,2.46144,2.48733,2.50668,2.52466,2.54523,2.56016,2.57663,2.58998,2.5997,2.61101,2.6153,2.62009,2.62824,2.63326,2.63478,2.63231,2.63303,2.63158,2.62781,2.62378,2.61716,2.60815,2.59847,2.58636,2.57944,2.5607,2.54462,2.52863,2.5068,2.48686,2.4609,2.43597,2.40688,2.37477,2.34261,2.30818,2.26778,2.22885,2.1859,2.14142,2.08984,2.03726,1.98217,1.9222,1.86344,1.79863,1.73153,1.66155,1.59023,1.51469,1.43571,1.35593,1.2705,1.183,1.09318,1.00304,0.906619,0.813414,0.715059,0.616609,0.515078,0.412696,0.311037,0.207349,0.103895,-0.00156249
-0.000729695,0.101192,0.202939,0.302447,0.403137,0.502894,0.600768,0.697337,0.792753,0.886963,0.977096,1.06659,1.1566,1.24076,1.32442,1.40485,1.48061,1.55724,1.62905,1.69761,1.76545,1.8292,1.89059,1.94833,2.00466,2.0561,2.10361,2.14974,2.19419,2.23925,2.27733,2.31139,2.34606,2.37522,2.40629,2.43414,2.45893,2.48017,2.50085,2.52078,2.53794,2.5524,2.56634,2.58016,2.58915,2.59689,2.60265,2.60705,2.61148,2.61424,2.61684,2.61748,2.61341,2.60922,2.60511,2.59661,2.58845,2.5761,2.56721,2.55437,2.53818,2.52076,2.50302,2.48063,2.45778,2.43197,2.40739,2.37845,2.34413,2.31168,2.27433,2.23493,2.19396,2.15158,2.1038,2.05394,2.00309,1.94753,1.89018,1.82768,1.76387,1.69669,1.62849,1.55537,1.48157,1.40425,1.32364,1.24077,1.15527,1.06695,0.978678,0.887004,0.792537,0.697631,0.601336,0.50277,0.403937,0.303735,0.203666,0.100917,-0.000442699
-0.00126325,0.0991746,0.197947,0.294124,0.393109,0.488254,0.583945,0.677745,0.771224,0.863511,0.953386,1.04117,1.12603,1.20926,1.29127,1.36897,1.44651,1.52183,1.5909,1.66104,1.72577,1.79215,1.85279,1.90928,1.96357,2.0179,2.06921,2.11381,2.15926,2.20222,2.24036,2.27981,2.31311,2.34663,2.37688,2.40576,2.43087,2.45347,2.47665,2.49536,2.51319,2.5296,2.54026,2.55622,2.565,2.57438,2.58132,2.58687,2.59173,2.5927,2.59368,2.59227,2.58846,2.58669,2.58162,2.57405,2.56517,2.55132,2.54298,2.52663,2.51349,2.4946,2.47467,2.45349,2.4293,2.40523,2.37434,2.34452,2.31166,2.27728,2.24294,2.20373,2.15815,2.11584,2.06864,2.01863,1.96572,1.90966,1.85186,1.78975,1.72848,1.66234,1.59187,1.52043,1.44831,1.3707,1.28988,1.21166,1.1269,1.03975,0.952416,0.861773,0.771063,0.679197,0.584572,0.488494,0.391509,0.295978,0.197878,0.0990465,-0.000412464
-0.000364973,0.0954993,0.191795,0.28487,0.380575,0.474056,0.567681,0.659431,0.749698,0.838349,0.925802,1.0118,1.09456,1.17773,1.25716,1.33626,1.41203,1.48578,1.55544,1.62354,1.68971,1.75244,1.81346,1.87047,1.92567,1.97793,2.02887,2.07762,2.12313,2.1646,2.20536,2.24285,2.27723,2.31186,2.3428,2.37221,2.39941,2.42214,2.44449,2.46639,2.48386,2.4996,2.51284,2.52851,2.53846,2.54684,2.55766,2.56408,2.56617,2.56652,2.56872,2.56698,2.56575,2.56134,2.55713,2.54764,2.53954,2.52769,2.51849,2.50007,2.48329,2.46401,2.44426,2.42246,2.39947,2.37479,2.34411,2.31369,2.27862,2.24403,2.20367,2.16514,2.12256,2.07559,2.02969,1.97972,1.92586,1.8711,1.81308,1.75167,1.6888,1.62438,1.55483,1.4841,1.40998,1.33608,1.25845,1.17881,1.09567,1.01195,0.926373,0.838001,0.75065,0.658162,0.567439,0.475396,0.381939,0.286055,0.190154,0.0968201,0.000153476
-0.00096591,0.0906096,0.184425,0.278114,0.369019,0.460767,0.551101,0.639114,0.727662,0.812369,0.899464,0.982911,1.06568,1.1449,1.22346,1.29823,1.37362,1.44564,1.51594,1.5839,1.64801,1.71159,1.77202,1.83042,1.88531,1.93763,1.99039,2.03661,2.08147,2.12659,2.16791,2.20621,2.24148,2.27613,2.30443,2.33573,2.36453,2.3892,2.41398,2.4328,2.45468,2.46934,2.48645,2.49984,2.51083,2.51917,2.52922,2.53347,2.54091,2.54259,2.54177,2.54089,2.53819,2.53535,2.53039,2.52041,2.51077,2.49681,2.48706,2.46979,2.45344,2.4345,2.41494,2.38827,2.36341,2.33675,2.3071,2.27686,2.24039,2.2066,2.16738,2.12516,2.08304,2.0365,1.9877,1.93858,1.88717,1.82939,1.7729,1.71195,1.64908,1.58442,1.51518,1.44686,1.3731,1.30033,1.22365,1.14467,1.06421,0.983361,0.897806,0.814341,0.727449,0.639991,0.549167,0.459877,0.369408,0.278629,0.185762,0.0923041,-0.000850341
0.00137643,0.0889373,0.179291,0.267966,0.356395,0.444902,0.532773,0.618104,0.704368,0.788513,0.871514,0.952833,1.03333,1.11081,1.18848,1.26262,1.33529,1.40615,1.47558,1.54136,1.60612,1.66743,1.72845,1.78689,1.8418,1.8964,1.9465,1.99294,2.03978,2.08373,2.12693,2.16446,2.20302,2.23867,2.26635,2.30019,2.32691,2.35383,2.37756,2.39979,2.4184,2.43885,2.45412,2.46783,2.47846,2.48939,2.49958,2.50459,2.50909,2.5131,2.51184,2.51257,2.50992,2.5034,2.49676,2.48973,2.4786,2.46764,2.45365,2.43732,2.41841,2.39935,2.3765,2.35338,2.32613,2.29937,2.26958,2.23577,2.20378,2.16328,2.12428,2.08478,2.04014,1.99505,1.94675,1.89461,1.84117,1.78548,1.73023,1.6679,1.6063,1.54308,1.47614,1.40624,1.33553,1.26183,1.18769,1.11087,1.03212,0.95371,0.870616,0.788366,0.704104,0.6191,0.531929,0.444879,0.355937,0.267863,0.179746,0.089946,-0.0012302
0.000626035,0.0870456,0.173999,0.259511,0.344887,0.430674,0.513228,0.598038,0.679739,0.761179,0.841118,0.923133,1.00055,1.07684,1.15264,1.22682,1.29661,1.36581,1.43207,1.49802,1.5625,1.62376,1.68299,1.74051,1.79551,1.84926,1.90211,1.95178,1.99497,2.04157,2.0815,2.12521,2.16001,2.19475,2.22874,2.26182,2.28638,2.31555,2.33961,2.36024,2.38274,2.4001,2.41731,2.43023,2.44371,2.4552,2.46366,2.47079,2.47595,2.4772,2.47916,2.47839,2.47425,2.47038,2.46547,2.45304,2.44473,2.43265,2.4207,2.40007,2.38218,2.36145,2.34061,2.3168,2.28877,2.25979,2.22833,2.1958,2.15886,2.12312,2.08133,2.04023,1.99511,1.95043,1.90133,1.85023,1.79626,1.74249,1.68348,1.62363,1.56439,1.49971,1.43449,1.36586,1.29542,1.22563,1.15039,1.07658,0.999185,0.922041,0.843533,0.76261,0.680246,0.597865,0.514721,0.430179,0.343659,0.257888,0.174158,0.0863251,0.00101685
-0.000670322,0.0831175,0.167439,0.250551,0.332841,0.413205,0.495727,0.576006,0.657581,0.735888,0.813273,0.890966,0.966481,1.04164,1.11319,1.1835,1.2553,1.32361,1.39032,1.45378,1.51902,1.5798,1.63874,1.69534,1.75067,1.80302,1.85536,1.90368,1.94914,1.99466,2.0379,2.07668,2.1158,2.15264,2.18423,2.21713,2.24531,2.27289,2.30032,2.32238,2.34413,2.36138,2.37939,2.39375,2.40789,2.41956,2.4257,2.43413,2.43742,2.44091,2.44234,2.4426,2.44035,2.43241,2.42784,2.41805,2.40705,2.39375,2.37977,2.36301,2.3456,2.32074,2.29732,2.27275,2.24696,2.21772,2.18774,2.15009,2.11332,2.0767,2.03777,1.99462,1.94933,1.90372,1.8532,1.80543,1.74844,1.69476,1.63968,1.57998,1.51842,1.45603,1.38932,1.32453,1.25512,1.18622,1.11318,1.04153,0.967431,0.892008,0.815439,0.734397,0.658802,0.576958,0.49503,0.413586,0.332708,0.250023,0.166296,0.0834981,-0.00117275
0.000773072,0.0810293,0.158998,0.240381,0.319278,0.398283,0.47665,0.556323,0.632628,0.710758,0.785269,0.858439,0.933699,1.00496,1.07526,1.1458,1.21529,1.28068,1.34628,1.40954,1.47233,1.5326,1.5907,1.64745,1.70121,1.75465,1.80526,1.85466,1.90221,1.9442,1.98971,2.02889,2.06778,2.10487,2.13822,2.17166,2.20139,2.23025,2.2548,2.28078,2.30006,2.3195,2.33675,2.35281,2.36636,2.37794,2.38847,2.39584,2.4004,2.40169,2.40366,2.402,2.3976,2.39256,2.38714,2.38008,2.36596,2.35228,2.33585,2.3195,2.30076,2.27702,2.25576,2.2304,2.20045,2.17063,2.14051,2.10392,2.0683,2.02939,1.98873,1.94536,1.90134,1.85413,1.80621,1.75579,1.70094,1.64735,1.59185,1.53294,1.4712,1.41054,1.34552,1.28071,1.21539,1.14482,1.07462,1.00528,0.932138,0.858557,0.784515,0.707864,0.632384,0.554931,0.476749,0.4002,0.320057,0.241082,0.159206,0.0789761,0.000978854
-0.00122851,0.0776155,0.154441,0.230218,0.306756,0.382862,0.458117,0.53259,0.608922,0.681186,0.75413,0.826347,0.897127,0.967119,1.03645,1.10349,1.17284,1.2384,1.30105,1.36344,1.42486,1.48207,1.54272,1.59704,1.65162,1.70401,1.75455,1.80419,1.85051,1.89385,1.93774,1.97938,2.0174,2.05544,2.08972,2.12409,2.1531,2.18153,2.20845,2.23211,2.25385,2.27391,2.29272,2.30915,2.32348,2.33495,2.34075,2.34849,2.35678,2.35995,2.36083,2.35806,2.35579,2.35052,2.34141,2.33393,2.32254,2.3074,2.29204,2.2729,2.25487,2.23325,2.20634,2.18098,2.15272,2.12041,2.08794,2.05393,2.02049,1.97916,1.93861,1.8977,1.85111,1.8056,1.75403,1.70598,1.65066,1.59733,1.54193,1.48245,1.42447,1.36221,1.30063,1.23776,1.17172,1.1058,1.03752,0.968695,0.898049,0.826791,0.754922,0.68057,0.607379,0.534001,0.458711,0.382237,0.306047,0.2316,0.153507,0.077035,-0.000850987
-0.000372025,0.0740435,0.147323,0.220332,0.294482,0.366377,0.439861,0.51296,0.582434,0.655218,0.723542,0.794913,0.862339,0.928901,0.99697,1.06299,1.12945,1.19173,1.25374,1.31516,1.37668,1.43421,1.49188,1.54553,1.59998,1.65085,1.70173,1.7496,1.79838,1.8429,1.88209,1.9261,1.96286,2.00324,2.03731,2.06955,2.09954,2.12926,2.15786,2.18165,2.20482,2.22489,2.24408,2.25926,2.27618,2.28741,2.29384,2.30564,2.31018,2.31128,2.31177,2.31083,2.30812,2.30329,2.29654,2.28602,2.27297,2.25867,2.24203,2.22609,2.20491,2.18224,2.15771,2.1301,2.10246,2.06905,2.03989,2.00148,1.96638,1.92659,1.88442,1.8438,1.79672,1.75013,1.70306,1.65311,1.59991,1.54661,1.4909,1.43292,1.37604,1.31747,1.25544,1.19146,1.12946,1.06355,0.99776,0.930604,0.861852,0.794233,0.725803,0.652866,0.583403,0.510976,0.438583,0.367412,0.295047,0.220787,0.147738,0.0736846,-0.000555422
-0.000464202,0.0696004,0.140727,0.210176,0.281863,0.350654,0.420269,0.491111,0.556915,0.626339,0.69464,0.761134,0.82949,0.894237,0.956967,1.02282,1.08368,1.1457,1.20665,1.26755,1.32573,1.38403,1.43753,1.49286,1.54563,1.59844,1.64746,1.69463,1.7423,1.78676,1.83059,1.8717,1.91045,1.94568,1.98219,2.01586,2.0471,2.07737,2.10556,2.13047,2.14923,2.17173,2.19125,2.20839,2.22388,2.23386,2.24441,2.25344,2.25481,2.26064,2.26308,2.2591,2.25773,2.25303,2.2436,2.23435,2.22158,2.20712,2.19218,2.17403,2.14996,2.1287,2.10258,2.07726,2.04737,2.01376,1.98181,1.94847,1.91093,1.86865,1.83005,1.78603,1.74421,1.69462,1.64665,1.59793,1.54667,1.49179,1.43951,1.38467,1.32556,1.26662,1.20642,1.1476,1.08476,1.02145,0.957981,0.892375,0.829019,0.761303,0.693432,0.626519,0.557581,0.48999,0.42124,0.351602,0.281338,0.212289,0.140131,0.0696249,0.000543542
-0.000518912,0.0661502,0.133305,0.20105,0.269436,0.335329,0.401106,0.469776,0.532696,0.598643,0.664212,0.728622,0.792051,0.854915,0.918549,0.978328,1.04039,1.10045,1.15942,1.21585,1.27394,1.33007,1.38671,1.43796,1.4914,1.54199,1.59063,1.63731,1.68399,1.72931,1.7729,1.81244,1.85211,1.88713,1.92302,1.95942,1.99013,2.0184,2.04706,2.07179,2.09523,2.11638,2.13288,2.15169,2.16754,2.17868,2.18949,2.19533,2.20321,2.20391,2.20629,2.2064,2.20291,2.19965,2.18849,2.17758,2.16742,2.15091,2.13435,2.1159,2.0953,2.07212,2.04691,2.01961,1.98886,1.95929,1.92452,1.88932,1.85088,1.81241,1.77239,1.73024,1.68504,1.63777,1.5907,1.54276,1.49158,1.43717,1.38588,1.33071,1.27369,1.2162,1.15848,1.09913,1.03995,0.978451,0.917711,0.855143,0.792776,0.727352,0.663044,0.599471,0.534056,0.467742,0.401785,0.335089,0.267666,0.199606,0.134036,0.066071,8.59341e-05
-0.000351459,0.063902,0.12788,0.19013,0.254669,0.31818,0.382731,0.445671,0.507427,0.569874,0.633044,0.694631,0.754899,0.816665,0.875696,0.936671,0.994002,1.05336,1.11018,1.16692,1.22279,1.277,1.33007,1.38328,1.43359,1.48402,1.53184,1.58065,1.62343,1.67016,1.70987,1.75116,1.79052,1.82772,1.86362,1.89607,1.93019,1.96003,1.98567,2.01317,2.03393,2.05795,2.07679,2.09155,2.10538,2.11926,2.12883,2.13864,2.14294,2.14735,2.14816,2.14719,2.14277,2.13753,2.13174,2.11964,2.10647,2.09365,2.07424,2.05786,2.03528,2.01201,1.98617,1.95791,1.9287,1.89815,1.86277,1.82762,1.79048,1.751,1.71208,1.6699,1.626,1.58016,1.53116,1.48427,1.4349,1.38275,1.33124,1.2771,1.22258,1.16646,1.11154,1.0535,0.994843,0.936008,0.876695,0.816405,0.754956,0.692807,0.633256,0.570583,0.507371,0.445975,0.382213,0.318765,0.253352,0.191624,0.128506,0.0638943,0.000457173
-0.000201367,0.0618501,0.1202,0.1805,0.241157,0.303338,0.362426,0.422678,0.483321,0.542892,0.602409,0.660355,0.718133,0.77701,0.835147,0.892453,0.948568,1.00675,1.06085,1.11407,1.16903,1.22541,1.27441,1.32493,1.37565,1.42535,1.47179,1.51947,1.56404,1.60668,1.64843,1.68747,1.72792,1.76457,1.79933,1.83285,1.86438,1.89389,1.92204,1.94783,1.97132,1.9907,2.012,2.02835,2.0427,2.0548,2.06493,2.07311,2.08079,2.08298,2.0839,2.08306,2.08009,2.07473,2.06501,2.05649,2.04344,2.03064,2.01308,1.99278,1.97111,1.94825,1.92118,1.89403,1.8651,1.83421,1.79929,1.76421,1.72625,1.68877,1.64795,1.60758,1.56208,1.51671,1.473,1.42372,1.37563,1.32405,1.27575,1.22275,1.16873,1.11623,1.05974,1.00514,0.948665,0.89274,0.834765,0.778048,0.7201,0.660469,0.601556,0.54265,0.48176,0.423046,0.361333,0.301275,0.242199,0.183055,0.119725,0.0600931,0.000501826
6.95663e-05,0.0560834,0.115541,0.170419,0.230097,0.286129,0.343573,0.400463,0.457316,0.514972,0.571884,0.627363,0.682421,0.739046,0.792229,0.850855,0.903228,0.957904,1.01121,1.06366,1.11533,1.16691,1.21595,1.26779,1.31724,1.36233,1.40934,1.45536,1.49981,1.54209,1.58416,1.62314,1.66096,1.6983,1.73329,1.76619,1.79755,1.82731,1.85228,1.88032,1.9021,1.92493,1.94315,1.96224,1.97564,1.98808,1.99819,2.00657,2.01181,2.01532,2.01661,2.01472,2.01419,2.0066,1.99889,1.98994,1.9756,1.96206,1.94375,1.92565,1.90369,1.88142,1.85383,1.82726,1.79835,1.76258,1.73204,1.6984,1.66187,1.62241,1.58338,1.54393,1.49946,1.45731,1.40953,1.36299,1.31556,1.26808,1.21778,1.16691,1.11521,1.06343,1.01058,0.95786,0.903586,0.849649,0.794052,0.736779,0.683104,0.62565,0.570735,0.513149,0.456741,0.401868,0.344005,0.286776,0.229039,0.171536,0.114298,0.0580215,-0.000285923
0.000526558,0.0538089,0.108633,0.162985,0.21635,0.269691,0.325098,0.378719,0.432787,0.485477,0.540793,0.593585,0.64561,0.700795,0.751471,0.805404,0.855418,0.908634,0.960747,1.01169,1.06124,1.11006,1.15843,1.20618,1.25421,1.30127,1.34573,1.39063,1.43324,1.47563,1.51459,1.55686,1.59196,1.62715,1.66299,1.69451,1.72776,1.75522,1.78206,1.80784,1.83006,1.85024,1.87224,1.88981,1.90269,1.91582,1.92574,1.93657,1.94238,1.94368,1.94371,1.94363,1.9394,1.93411,1.92654,1.91445,1.90342,1.88865,1.87236,1.85207,1.83117,1.81054,1.78287,1.75529,1.72468,1.69674,1.66267,1.62883,1.59257,1.55446,1.51617,1.47542,1.43322,1.39127,1.34704,1.29996,1.25568,1.20588,1.15961,1.10923,1.06129,1.00996,0.959246,0.908856,0.855449,0.803525,0.751413,0.698991,0.645647,0.595112,0.539928,0.487013,0.432808,0.378559,0.324017,0.269806,0.215381,0.160785,0.106693,0.0546977,0.000120488
0.00176671,0.0502467,0.101108,0.152262,0.20597,0.255274,0.305378,0.356056,0.406033,0.457774,0.508669,0.558408,0.60952,0.661611,0.710163,0.758407,0.810207,0.858582,0.908736,0.956965,1.00489,1.05441,1.10044,1.14815,1.19178,1.23512,1.28174,1.32321,1.36599,1.40633,1.4459,1.48312,1.51936,1.55628,1.59082,1.62311,1.65431,1.68072,1.70765,1.73358,1.75591,1.77771,1.79574,1.81446,1.82671,1.8379,1.8509,1.86001,1.86405,1.86815,1.86708,1.86749,1.86234,1.85766,1.84838,1.84214,1.82808,1.81205,1.79693,1.77908,1.75406,1.73319,1.70752,1.68217,1.65392,1.62196,1.59164,1.55555,1.5204,1.4863,1.44526,1.4064,1.36524,1.3255,1.28105,1.23737,1.19159,1.14753,1.10223,1.0517,1.0041,0.95659,0.909033,0.860874,0.808876,0.760906,0.711808,0.659669,0.609123,0.559193,0.508564,0.456865,0.407497,0.358349,0.304589,0.253786,0.203707,0.151681,0.103625,0.0498251,-0.000386046
-0.000334028,0.0464554,0.0957561,0.141407,0.190117,0.239302,0.287016,0.334644,0.384172,0.431011,0.477415,0.526947,0.572542,0.619948,0.668951,0.713884,0.761748,0.811061,0.856651,0.904738,0.950584,0.995486,1.04046,1.08412,1.12592,1.17159,1.21521,1.25627,1.29542,1.33514,1.37335,1.4123,1.44689,1.48145,1.51357,1.54613,1.57452,1.60291,1.62957,1.65307,1.67779,1.69669,1.71688,1.73469,1.74666,1.76057,1.77118,1.78021,1.78254,1.78509,1.78774,1.78578,1.78325,1.77816,1.76926,1.75906,1.74649,1.73266,1.71652,1.69849,1.67572,1.65339,1.62909,1.60355,1.57447,1.5473,1.51462,1.48113,1.44641,1.41216,1.37382,1.33522,1.29557,1.25593,1.21467,1.17014,1.12757,1.08312,1.03921,0.994257,0.94975,0.903613,0.857197,0.808379,0.762706,0.714339,0.668799,0.621954,0.572888,0.524264,0.479627,0.429989,0.381632,0.334656,0.287463,0.238951,0.193579,0.14508,0.0953243,0.0494731,-0.000364884
0.000751683,0.0466524,0.089572,0.133885,0.177652,0.22189,0.267755,0.312476,0.356853,0.402155,0.444679,0.49215,0.536039,0.582878,0.628549,0.671381,0.716701,0.760469,0.805104,0.849112,0.892245,0.936479,0.979462,1.02116,1.06263,1.10677,1.14487,1.1858,1.22482,1.26191,1.29945,1.33579,1.37178,1.40479,1.43503,1.46631,1.49536,1.52379,1.54854,1.57091,1.59417,1.61312,1.63115,1.65007,1.66226,1.67473,1.68461,1.69125,1.69873,1.70147,1.70085,1.70155,1.69815,1.69223,1.68528,1.67643,1.66194,1.64819,1.63155,1.61438,1.59393,1.57206,1.54765,1.52212,1.49456,1.46508,1.43466,1.40313,1.37034,1.33513,1.29913,1.26273,1.22501,1.18515,1.14543,1.10548,1.06421,1.02081,0.979752,0.934811,0.891745,0.848456,0.805218,0.759261,0.715706,0.67245,0.626799,0.580923,0.536669,0.492685,0.446944,0.401525,0.357755,0.312323,0.267076,0.222649,0.179996,0.132968,0.0893143,0.0442029,3.23804e-05
-0.00143005,0.0419135,0.0831129,0.125015,0.164924,0.207926,0.249058,0.291361,0.333094,0.374238,0.415787,0.457706,0.49899,0.543856,0.583265,0.626522,0.668889,0.7104,0.750644,0.794038,0.836483,0.876579,0.915843,0.958074,0.998206,1.0371,1.07601,1.11489,1.15088,1.18722,1.22405,1.25877,1.29078,1.32394,1.35208,1.38422,1.4108,1.43702,1.46191,1.48465,1.5065,1.52626,1.54663,1.55934,1.57413,1.58509,1.59293,1.60383,1.61048,1.60918,1.61171,1.61022,1.60833,1.60249,1.59658,1.58607,1.57388,1.56099,1.54312,1.52643,1.50614,1.48592,1.46403,1.43708,1.4115,1.38417,1.35557,1.32382,1.29041,1.25791,1.22315,1.1876,1.14921,1.1131,1.0749,1.03833,0.998578,0.956933,0.916154,0.876634,0.836166,0.793839,0.751101,0.709994,0.66706,0.62604,0.583208,0.542883,0.500278,0.458346,0.416872,0.375648,0.331943,0.290962,0.24857,0.205787,0.164709,0.1242,0.082685,0.0407006,0.000323846
0.000903013,0.0386956,0.0768322,0.11485,0.154555,0.192121,0.229838,0.268367,0.309537,0.346584,0.387463,0.423586,0.463909,0.503221,0.541091,0.580236,0.621721,0.661374,0.699833,0.738907,0.777956,0.815085,0.854887,0.891907,0.929436,0.967243,1.00474,1.04066,1.07691,1.11071,1.14472,1.17814,1.21063,1.23906,1.2688,1.29911,1.32424,1.35201,1.37477,1.39699,1.41813,1.43672,1.45339,1.46835,1.48341,1.49295,1.50351,1.5082,1.51336,1.51608,1.51851,1.51818,1.51546,1.50923,1.50178,1.4926,1.48079,1.4681,1.45112,1.43506,1.41704,1.39513,1.37469,1.34962,1.32473,1.29857,1.26948,1.24169,1.21133,1.17743,1.14576,1.11033,1.07664,1.04001,1.00521,0.968226,0.930886,0.891932,0.855889,0.815748,0.777114,0.738541,0.700815,0.65901,0.621268,0.580823,0.541278,0.503352,0.46311,0.423701,0.385732,0.347418,0.307292,0.2701,0.230365,0.192365,0.153008,0.114681,0.0771418,0.0375018,0.000122276
-0.0005033,0.0362583,0.0703573,0.105448,0.140184,0.17639,0.212258,0.248141,0.282441,0.319097,0.354289,0.390801,0.428206,0.465674,0.500062,0.537082,0.574107,0.609299,0.646908,0.681309,0.718799,0.75398,0.791642,0.828483,0.86289,0.897108,0.933431,0.965233,1.00046,1.03241,1.06541,1.09452,1.12591,1.1553,1.18345,1.20922,1.23538,1.25906,1.28209,1.30364,1.32117,1.34092,1.35834,1.37004,1.38477,1.39628,1.40266,1.41171,1.41572,1.41961,1.41978,1.42064,1.41559,1.40969,1.40305,1.39645,1.38401,1.37022,1.35613,1.34176,1.32336,1.3034,1.28267,1.2618,1.23593,1.21084,1.18363,1.15359,1.12579,1.09479,1.0641,1.03306,0.99978,0.966851,0.932356,0.897387,0.861969,0.827693,0.791172,0.7559,0.720578,0.68186,0.645683,0.609218,0.572761,0.537896,0.500194,0.462638,0.427225,0.391528,0.354327,0.319579,0.283693,0.246678,0.21244,0.175428,0.141159,0.106577,0.0705404,0.0355253,0.000788329
0.00170775,0.0327308,0.0646282,0.0954831,0.129983,0.161592,0.193847,0.226035,0.259815,0.291242,0.325619,0.357104,0.389753,0.425494,0.456384,0.492755,0.525575,0.559504,0.591361,0.626606,0.660985,0.695309,0.728127,0.759897,0.793405,0.825736,0.859254,0.890417,0.921097,0.9526,0.982565,1.01161,1.03992,1.06763,1.0937,1.11802,1.14232,1.16581,1.18826,1.20877,1.22618,1.24269,1.25771,1.27233,1.28383,1.29402,1.30319,1.31073,1.31303,1.31546,1.31699,1.31688,1.31345,1.30911,1.30268,1.29332,1.2844,1.27318,1.25718,1.24251,1.22621,1.2082,1.18817,1.16664,1.14395,1.11797,1.09465,1.06789,1.04017,1.01142,0.982629,0.953716,0.920971,0.890844,0.858702,0.826776,0.793834,0.760945,0.727554,0.694061,0.659914,0.626554,0.593573,0.560044,0.52533,0.492972,0.458234,0.425684,0.390802,0.357647,0.326045,0.292571,0.259345,0.224777,0.193266,0.161833,0.128265,0.0962653,0.0657184,0.0324349,0.000251253
-4.15471e-05,0.0296301,0.0568882,0.0861079,0.117223,0.147189,0.175421,0.204722,0.233335,0.265902,0.29449,0.325454,0.355281,0.385814,0.417287,0.446406,0.477415,0.507932,0.538725,0.571419,0.602161,0.633045,0.664712,0.693409,0.72575,0.754656,0.784041,0.813931,0.843311,0.870007,0.898889,0.926381,0.953421,0.97861,1.00186,1.02489,1.0474,1.06927,1.08858,1.10834,1.12649,1.14092,1.15562,1.16798,1.18098,1.18888,1.19797,1.20269,1.20851,1.20814,1.21042,1.20995,1.20751,1.20381,1.19815,1.18934,1.18041,1.16814,1.15454,1.14094,1.12549,1.10879,1.08854,1.06897,1.04676,1.0266,1.00182,0.976639,0.952567,0.926038,0.899049,0.872201,0.842283,0.814165,0.783611,0.75509,0.724322,0.693771,0.664097,0.63232,0.601013,0.570209,0.538736,0.509067,0.478417,0.447764,0.416689,0.385973,0.355565,0.325331,0.294778,0.265044,0.234638,0.204336,0.176013,0.145189,0.117154,0.0867436,0.0581836,0.0300234,0.000418564
0.000645706,0.0261917,0.0550406,0.0779467,0.105528,0.13055,0.15833,0.183421,0.211378,0.237288,0.264194,0.292681,0.319097,0.345647,0.376443,0.401106,0.431851,0.456712,0.485254,0.513183,0.54276,0.569979,0.59765,0.626722,0.653515,0.682,0.707338,0.735665,0.763314,0.788038,0.813885,0.840066,0.862826,0.885346,0.908715,0.930042,0.951718,0.970441,0.988946,1.00595,1.02249,1.03822,1.0504,1.06159,1.07286,1.08155,1.08889,1.09381,1.09854,1.10292,1.10236,1.10137,1.09985,1.09431,1.0888,1.0808,1.07279,1.06303,1.05115,1.03677,1.02193,1.0059,0.98864,0.970057,0.951868,0.930569,0.908368,0.886405,0.863203,0.839451,0.813875,0.788708,0.761645,0.735003,0.708118,0.681788,0.653949,0.626237,0.598909,0.568685,0.542085,0.515268,0.486237,0.458188,0.42988,0.402201,0.374832,0.347095,0.318974,0.292554,0.264786,0.237052,0.209875,0.183459,0.158328,0.13176,0.103815,0.0770647,0.0506373,0.0273835,0.000908512
-0.00121734,0.0217709,0.0465485,0.0712504,0.092263,0.115826,0.13843,0.163896,0.186659,0.211503,0.234794,0.258719,0.28242,0.307439,0.332406,0.356928,0.380509,0.404974,0.432878,0.458478,0.483257,0.508185,0.533567,0.556957,0.583399,0.606936,0.632543,0.657932,0.680551,0.704266,0.727056,0.750376,0.771814,0.792124,0.812945,0.832799,0.850743,0.86819,0.886137,0.902074,0.916239,0.930444,0.941465,0.951895,0.960338,0.970677,0.975718,0.981757,0.985669,0.986699,0.987847,0.98788,0.985577,0.983025,0.975742,0.969791,0.961311,0.952358,0.94086,0.929517,0.915488,0.901792,0.88601,0.869011,0.852084,0.832602,0.812326,0.790884,0.771953,0.750051,0.726841,0.704255,0.680911,0.65655,0.630761,0.608454,0.582638,0.558815,0.533171,0.508239,0.482231,0.457847,0.432102,0.406661,0.382313,0.357061,0.333763,0.308878,0.282848,0.258616,0.234363,0.212806,0.186368,0.161562,0.138288,0.117098,0.0935171,0.0691393,0.0471684,0.0230225,-0.000159967
0.00221628,0.0202683,0.0401221,0.0603516,0.0803343,0.100242,0.121495,0.141632,0.163755,0.183417,0.204351,0.226909,0.248623,0.270053,0.289375,0.313278,0.335224,0.356307,0.378052,0.400219,0.423143,0.445379,0.467026,0.488595,0.510924,0.533225,0.555932,0.576699,0.598282,0.619507,0.63906,0.65925,0.677754,0.697818,0.715437,0.732001,0.750781,0.765799,0.780894,0.794497,0.808338,0.820616,0.830634,0.840667,0.848806,0.855059,0.861683,0.86656,0.868688,0.870962,0.8709,0.871382,0.870352,0.866741,0.861246,0.854831,0.848005,0.839176,0.830657,0.819612,0.807302,0.794962,0.781911,0.76505,0.749484,0.73394,0.715237,0.69928,0.679156,0.658322,0.638601,0.619368,0.59859,0.576563,0.556378,0.53314,0.511734,0.489079,0.467602,0.444143,0.422322,0.399877,0.378539,0.355078,0.334014,0.311524,0.28949,0.268333,0.248971,0.226568,0.203928,0.183462,0.162861,0.141422,0.121471,0.101352,0.0797948,0.0594788,0.0419162,0.0189739,-0.00132916
-0.00136,0.018897,0.0346747,0.0505986,0.0680174,0.0865859,0.103119,0.123019,0.141251,0.157891,0.176404,0.194669,0.211902,0.230973,0.250622,0.268019,0.287361,0.305863,0.323667,0.344008,0.362933,0.38131,0.402138,0.420911,0.440231,0.458123,0.477417,0.495279,0.513062,0.532334,0.550604,0.566609,0.584326,0.600838,0.617012,0.630662,0.646397,0.659889,0.674443,0.685518,0.696186,0.706475,0.716238,0.724473,0.733167,0.737572,0.742799,0.747492,0.750383,0.750881,0.752916,0.753147,0.751277,0.747936,0.745181,0.739058,0.732136,0.724811,0.716015,0.706734,0.696223,0.684401,0.673325,0.660145,0.64531,0.631494,0.615981,0.601766,0.584902,0.567917,0.548832,0.531871,0.514499,0.495589,0.477911,0.45716,0.439346,0.420852,0.399665,0.380859,0.363774,0.343464,0.32441,0.30588,0.287165,0.267497,0.248454,0.23186,0.21253,0.195013,0.173888,0.157913,0.140691,0.122254,0.106231,0.0871014,0.0688175,0.0504792,0.0349589,0.0161767,-0.000607703
-0.00128141,0.014371,0.0279892,0.0437142,0.0572277,0.071666,0.0868066,0.101922,0.115544,0.130708,0.143925,0.162518,0.177494,0.192672,0.206856,0.222417,0.237945,0.253805,0.268573,0.285653,0.301468,0.318619,0.334949,0.351189,0.367328,0.383283,0.397595,0.412607,0.429385,0.443684,0.458767,0.473629,0.488838,0.502852,0.515732,0.529801,0.540878,0.5524,0.563602,0.573561,0.583142,0.592097,0.600352,0.607012,0.613554,0.619101,0.62477,0.626773,0.628823,0.631445,0.632143,0.629778,0.629916,0.62607,0.622156,0.618594,0.614564,0.608117,0.600749,0.592049,0.584106,0.574051,0.563285,0.552612,0.540371,0.527244,0.515341,0.502432,0.488812,0.474774,0.458473,0.447242,0.430671,0.414421,0.399486,0.382144,0.366373,0.350027,0.334209,0.317752,0.302152,0.286004,0.269644,0.254652,0.238848,0.224357,0.208715,0.191745,0.175308,0.160304,0.146772,0.131284,0.11619,0.101171,0.0863234,0.0721344,0.0575943,0.0419738,0.0271496,0.0143606,-0.00107808
0.00107593,0.0109654,0.022801,0.0322328,0.0439754,0.0576675,0.0683172,0.0815948,0.0928638,0.104534,0.117006,0.129269,0.140516,0.153693,0.165722,0.177988,0.190357,0.202233,0.217963,0.228927,0.243665,0.254518,0.268435,0.281202,0.293499,0.305561,0.319843,0.331797,0.344964,0.355845,0.368402,0.381193,0.392944,0.402929,0.412539,0.425589,0.433722,0.443828,0.453442,0.46012,0.468971,0.476006,0.483548,0.488675,0.492572,0.49673,0.500941,0.5046,0.506592,0.507134,0.507289,0.506196,0.506091,0.503651,0.500647,0.497856,0.494318,0.488014,0.482857,0.475966,0.469159,0.460383,0.453238,0.44418,0.434044,0.424724,0.414941,0.404819,0.393198,0.38072,0.369798,0.356005,0.344312,0.331514,0.318567,0.307314,0.293128,0.282079,0.268563,0.255884,0.241647,0.230098,0.214278,0.202406,0.190513,0.178715,0.164649,0.151696,0.140507,0.129331,0.115756,0.105021,0.0944124,0.0813139,0.0711142,0.0584174,0.0468938,0.0326639,0.0230908,0.0102622,0.00131188
-0.000319981,0.00854352,0.018847,0.0269018,0.0337692,0.0433297,0.0522089,0.0623529,0.0697431,0.0798225,0.0872444,0.0956113,0.105974,0.114304,0.126929,0.133192,0.141623,0.153615,0.160884,0.172132,0.181351,0.191961,0.202842,0.210408,0.219071,0.231279,0.240923,0.249856,0.258151,0.268506,0.277617,0.285549,0.294348,0.305271,0.311134,0.320416,0.326546,0.334557,0.341427,0.34645,0.352304,0.358688,0.362536,0.367768,0.371744,0.374887,0.377269,0.379228,0.381151,0.381785,0.382218,0.381871,0.380684,0.379305,0.37717,0.374542,0.371584,0.3678,0.362741,0.357923,0.353133,0.34814,0.340648,0.333501,0.326735,0.318029,0.310947,0.303045,0.295075,0.285931,0.27738,0.267342,0.258136,0.248586,0.241126,0.229707,0.221041,0.210616,0.201006,0.192464,0.181409,0.173586,0.16203,0.151839,0.143484,0.132185,0.124372,0.116511,0.105888,0.0956508,0.0876078,0.0772549,0.0690958,0.0607901,0.0526624,0.0433986,0.0340712,0.0255842,0.0167612,0.00800119,-0.00101299
-0.00187816,0.00450153,0.0126,0.0166791,0.0236718,0.0277047,0.0352428,0.0420103,0.0455997,0.0524559,0.0568988,0.0636076,0.0706322,0.0760582,0.0833283,0.0891071,0.0945561,0.102308,0.109916,0.116092,0.122041,0.126676,0.135863,0.139096,0.145844,0.153649,0.159471,0.166828,0.171786,0.178544,0.18642,0.191326,0.196875,0.20274,0.207475,0.212896,0.219925,0.222598,0.227009,0.232477,0.234696,0.238861,0.243971,0.24632,0.248073,0.250154,0.252033,0.253684,0.254464,0.255283,0.255548,0.25489,0.254682,0.253803,0.251653,0.250338,0.247651,0.246352,0.242808,0.239091,0.236141,0.231491,0.228729,0.223678,0.218765,0.212997,0.208131,0.202878,0.196658,0.189585,0.18567,0.178608,0.172168,0.16755,0.159797,0.154593,0.147238,0.141201,0.134806,0.128211,0.121735,0.11618,0.108764,0.102355,0.0955978,0.0886077,0.0836041,0.0782506,0.0718605,0.0644874,0.0585321,0.0511062,0.0462543,0.0414065,0.0355927,0.0286068,0.0228374,0.0149775,0.0123295,0.00280015,0.000279138
8.44608e-05,0.00491217,0.00590726,0.00890608,0.0116989,0.014321,0.0165318,0.0212401,0.0242445,0.0243101,0.0304716,0.033682,0.0348639,0.0388229,0.0414842,0.043757,0.0474029,0.0508189,0.0538252,0.0582098,0.0624784,0.0647478,0.0665312,0.0709221,0.0739435,0.0765841,0.081154,0.0838577,0.0859528,0.0883432,0.0920363,0.0966601,0.0981372,0.102903,0.103978,0.106829,0.108604,0.111204,0.114112,0.116825,0.119209,0.120026,0.121442,0.122688,0.123926,0.125518,0.126169,0.127191,0.128083,0.127741,0.128034,0.127867,0.12747,0.126773,0.126194,0.125505,0.12397,0.123103,0.120882,0.120291,0.119171,0.116378,0.113981,0.112245,0.109038,0.106342,0.104077,0.102178,0.0988779,0.0947087,0.0929623,0.0903354,0.0855497,0.0833622,0.0809215,0.0751721,0.0727614,0.070578,0.0683251,0.0666586,0.060885,0.0577753,0.0544236,0.0510368,0.0471666,0.0469803,0.0422829,0.0380085,0.034752,0.0325984,0.0295739,0.0264542,0.0211964,0.0201178,0.0170443,0.0147797,0.0110801,0.00851358,0.00587029,0.00284306,-0.000614276
-0.000527594,-0.000662471,0.000232084,2.7403e-05,0.00176886,0.000233366,0.000873801,0.000421379,-0.000349291,-0.0011191,0.00075898,-0.00108513,2.69407e-05,-0.000734315,-0.000189873,3.31304e-05,-0.000299805,0.000584446,-0.000822184,0.000831452,-0.000249975,0.00110686,-0.00109307,1.51334e-05,0.000357728,-0.00125392,0.000295496,0.000750207,-0.000537139,-0.00163096,0.000639219,-0.00140254,0.000112649,-0.0012583,0.000836931,8.69811e-05,0.000207816,0.000412713,-0.000328019,-0.000420565,7.32494e-06,-0.000694996,-0.000228999,0.00024161,0.000537758,-0.000250141,-9.54614e-05,-7.47423e-05,-5.9569e-05,2.51877e-05,4.98006e-16,-5.12479e-05,-5.21434e-05,2.3521e-05,-1.25643e-05,0.00068378,0.000120569,4.61996e-05,-0.00103231,-0.000362274,0.000523584,6.31782e-05,0.000106459,0.000699185,0.000273428,-0.000544944,0.00104492,0.000638988,0.000603007,-0.000110328,-0.000120051,-0.000110627,0.000172347,-0.000278817,-0.000799207,0.00077767,-0.00109206,0.000463526,-0.00105715,0.000166505,-0.000269813,-0.00149292,-0.0014343,0.000545702,-0.00161937,0.00027659,0.000781202,0.000174101,-0.000402588,0.000147495,0.000223957,0.000349487,-0.000669007,-0.000684191,0.00021856,0.000331049,0.000889693,0.000893505,-0.00114467,-0.000122813,-0.00229057
